[2026-06-11T13:07:30.196+0000] {manager.py:483} INFO - Processing files using up to 2 processes at a time 
[2026-06-11T13:07:30.196+0000] {manager.py:484} INFO - Process each file at most once every 30 seconds
[2026-06-11T13:07:30.196+0000] {manager.py:485} INFO - Checking for new files in /opt/airflow/dags every 300 seconds
[2026-06-11T13:07:30.197+0000] {manager.py:821} INFO - Searching for files in /opt/airflow/dags
[2026-06-11T13:07:30.197+0000] {manager.py:824} INFO - There are 1 files in /opt/airflow/dags
[2026-06-11T13:07:30.235+0000] {manager.py:997} INFO - 
================================================================================
DAG File Processing Stats

File Path                               PID  Runtime      # DAGs    # Errors  Last Runtime    Last Run      Last # of DB Queries
------------------------------------  -----  ---------  --------  ----------  --------------  ----------  ----------------------
/opt/airflow/dags/market)data_dag.py    231  0.01s             0           0                                                   0
================================================================================
[2026-06-11T13:08:00.364+0000] {manager.py:997} INFO - 
================================================================================
DAG File Processing Stats

File Path                             PID    Runtime      # DAGs    # Errors  Last Runtime    Last Run               Last # of DB Queries
------------------------------------  -----  ---------  --------  ----------  --------------  -------------------  ----------------------
/opt/airflow/dags/market)data_dag.py                           1           0  0.15s           2026-06-11T13:07:30                      45
================================================================================
[2026-06-11T13:08:30.568+0000] {manager.py:997} INFO - 
================================================================================
DAG File Processing Stats

File Path                               PID  Runtime      # DAGs    # Errors  Last Runtime    Last Run               Last # of DB Queries
------------------------------------  -----  ---------  --------  ----------  --------------  -------------------  ----------------------
/opt/airflow/dags/market)data_dag.py    273  0.00s             1           0  0.07s           2026-06-11T13:08:00                      12
================================================================================
[2026-06-11T13:09:00.767+0000] {manager.py:997} INFO - 
================================================================================
DAG File Processing Stats

File Path                               PID  Runtime      # DAGs    # Errors  Last Runtime    Last Run               Last # of DB Queries
------------------------------------  -----  ---------  --------  ----------  --------------  -------------------  ----------------------
/opt/airflow/dags/market)data_dag.py    278  0.00s             1           0  0.07s           2026-06-11T13:08:30                      12
================================================================================
[2026-06-11T13:09:37.509+0000] {manager.py:483} INFO - Processing files using up to 2 processes at a time 
[2026-06-11T13:09:37.510+0000] {manager.py:484} INFO - Process each file at most once every 30 seconds
[2026-06-11T13:09:37.510+0000] {manager.py:485} INFO - Checking for new files in /opt/airflow/dags every 300 seconds
[2026-06-11T13:09:37.510+0000] {manager.py:821} INFO - Searching for files in /opt/airflow/dags
[2026-06-11T13:09:37.510+0000] {manager.py:824} INFO - There are 1 files in /opt/airflow/dags
[2026-06-11T13:09:37.544+0000] {manager.py:997} INFO - 
================================================================================
DAG File Processing Stats

File Path                               PID  Runtime      # DAGs    # Errors  Last Runtime    Last Run      Last # of DB Queries
------------------------------------  -----  ---------  --------  ----------  --------------  ----------  ----------------------
/opt/airflow/dags/market)data_dag.py    231  0.01s             0           0                                                   0
================================================================================
[2026-06-11T13:10:07.651+0000] {manager.py:997} INFO - 
================================================================================
DAG File Processing Stats

File Path                               PID  Runtime      # DAGs    # Errors  Last Runtime    Last Run               Last # of DB Queries
------------------------------------  -----  ---------  --------  ----------  --------------  -------------------  ----------------------
/opt/airflow/dags/market)data_dag.py    268  0.00s             1           0  0.08s           2026-06-11T13:09:37                      12
================================================================================
[2026-06-11T13:10:37.799+0000] {manager.py:997} INFO - 
================================================================================
DAG File Processing Stats

File Path                               PID  Runtime      # DAGs    # Errors  Last Runtime    Last Run               Last # of DB Queries
------------------------------------  -----  ---------  --------  ----------  --------------  -------------------  ----------------------
/opt/airflow/dags/market)data_dag.py    273  0.00s             1           0  0.07s           2026-06-11T13:10:07                      12
================================================================================
[2026-06-11T13:11:07.956+0000] {manager.py:997} INFO - 
================================================================================
DAG File Processing Stats

File Path                               PID  Runtime      # DAGs    # Errors  Last Runtime    Last Run               Last # of DB Queries
------------------------------------  -----  ---------  --------  ----------  --------------  -------------------  ----------------------
/opt/airflow/dags/market)data_dag.py    278  0.00s             1           0  0.06s           2026-06-11T13:10:37                      12
================================================================================
[2026-06-11T13:11:38.080+0000] {manager.py:997} INFO - 
================================================================================
DAG File Processing Stats

File Path                               PID  Runtime      # DAGs    # Errors  Last Runtime    Last Run               Last # of DB Queries
------------------------------------  -----  ---------  --------  ----------  --------------  -------------------  ----------------------
/opt/airflow/dags/market)data_dag.py    283  0.00s             1           0  0.06s           2026-06-11T13:11:08                      12
================================================================================
[2026-06-11T13:12:08.218+0000] {manager.py:997} INFO - 
================================================================================
DAG File Processing Stats

File Path                               PID  Runtime      # DAGs    # Errors  Last Runtime    Last Run               Last # of DB Queries
------------------------------------  -----  ---------  --------  ----------  --------------  -------------------  ----------------------
/opt/airflow/dags/market)data_dag.py    289  0.00s             1           0  0.06s           2026-06-11T13:11:38                      12
================================================================================
[2026-06-11T13:12:38.336+0000] {manager.py:997} INFO - 
================================================================================
DAG File Processing Stats

File Path                               PID  Runtime      # DAGs    # Errors  Last Runtime    Last Run               Last # of DB Queries
------------------------------------  -----  ---------  --------  ----------  --------------  -------------------  ----------------------
/opt/airflow/dags/market)data_dag.py    294  0.00s             1           0  0.07s           2026-06-11T13:12:08                      12
================================================================================
[2026-06-11T13:13:08.500+0000] {manager.py:997} INFO - 
================================================================================
DAG File Processing Stats

File Path                               PID  Runtime      # DAGs    # Errors  Last Runtime    Last Run               Last # of DB Queries
------------------------------------  -----  ---------  --------  ----------  --------------  -------------------  ----------------------
/opt/airflow/dags/market)data_dag.py    299  0.00s             1           0  0.07s           2026-06-11T13:12:38                      12
================================================================================
[2026-06-11T13:13:31.941+0000] {manager.py:483} INFO - Processing files using up to 2 processes at a time 
[2026-06-11T13:13:31.980+0000] {manager.py:484} INFO - Process each file at most once every 30 seconds
[2026-06-11T13:13:31.981+0000] {manager.py:485} INFO - Checking for new files in /opt/airflow/dags every 300 seconds
[2026-06-11T13:13:31.981+0000] {manager.py:821} INFO - Searching for files in /opt/airflow/dags
[2026-06-11T13:13:31.982+0000] {manager.py:824} INFO - There are 1 files in /opt/airflow/dags
[2026-06-11T13:13:32.017+0000] {manager.py:997} INFO - 
================================================================================
DAG File Processing Stats

File Path                               PID  Runtime      # DAGs    # Errors  Last Runtime    Last Run      Last # of DB Queries
------------------------------------  -----  ---------  --------  ----------  --------------  ----------  ----------------------
/opt/airflow/dags/market)data_dag.py    229  0.01s             0           0                                                   0
================================================================================
[2026-06-11T13:14:02.138+0000] {manager.py:997} INFO - 
================================================================================
DAG File Processing Stats

File Path                             PID    Runtime      # DAGs    # Errors  Last Runtime    Last Run               Last # of DB Queries
------------------------------------  -----  ---------  --------  ----------  --------------  -------------------  ----------------------
/opt/airflow/dags/market)data_dag.py                           1           0  0.25s           2026-06-11T13:13:32                      12
================================================================================
[2026-06-11T13:14:51.820+0000] {manager.py:483} INFO - Processing files using up to 2 processes at a time 
[2026-06-11T13:14:51.820+0000] {manager.py:484} INFO - Process each file at most once every 30 seconds
[2026-06-11T13:14:51.820+0000] {manager.py:485} INFO - Checking for new files in /opt/airflow/dags every 300 seconds
[2026-06-11T13:14:51.820+0000] {manager.py:821} INFO - Searching for files in /opt/airflow/dags
[2026-06-11T13:14:51.821+0000] {manager.py:824} INFO - There are 1 files in /opt/airflow/dags
[2026-06-11T13:14:51.855+0000] {manager.py:997} INFO - 
================================================================================
DAG File Processing Stats

File Path                               PID  Runtime      # DAGs    # Errors  Last Runtime    Last Run      Last # of DB Queries
------------------------------------  -----  ---------  --------  ----------  --------------  ----------  ----------------------
/opt/airflow/dags/market)data_dag.py    231  0.01s             0           0                                                   0
================================================================================
[2026-06-11T13:15:21.951+0000] {manager.py:997} INFO - 
================================================================================
DAG File Processing Stats

File Path                             PID    Runtime      # DAGs    # Errors  Last Runtime    Last Run               Last # of DB Queries
------------------------------------  -----  ---------  --------  ----------  --------------  -------------------  ----------------------
/opt/airflow/dags/market)data_dag.py                           1           0  0.15s           2026-06-11T13:14:51                      45
================================================================================
[2026-06-11T13:15:52.182+0000] {manager.py:997} INFO - 
================================================================================
DAG File Processing Stats

File Path                               PID  Runtime      # DAGs    # Errors  Last Runtime    Last Run               Last # of DB Queries
------------------------------------  -----  ---------  --------  ----------  --------------  -------------------  ----------------------
/opt/airflow/dags/market)data_dag.py    273  0.00s             1           0  0.08s           2026-06-11T13:15:22                      12
================================================================================
[2026-06-11T13:16:15.961+0000] {manager.py:483} INFO - Processing files using up to 2 processes at a time 
[2026-06-11T13:16:15.961+0000] {manager.py:484} INFO - Process each file at most once every 30 seconds
[2026-06-11T13:16:15.961+0000] {manager.py:485} INFO - Checking for new files in /opt/airflow/dags every 300 seconds
[2026-06-11T13:16:15.961+0000] {manager.py:821} INFO - Searching for files in /opt/airflow/dags
[2026-06-11T13:16:15.962+0000] {manager.py:824} INFO - There are 1 files in /opt/airflow/dags
[2026-06-11T13:16:15.995+0000] {manager.py:997} INFO - 
================================================================================
DAG File Processing Stats

File Path                               PID  Runtime      # DAGs    # Errors  Last Runtime    Last Run      Last # of DB Queries
------------------------------------  -----  ---------  --------  ----------  --------------  ----------  ----------------------
/opt/airflow/dags/market)data_dag.py    231  0.01s             0           0                                                   0
================================================================================
[2026-06-11T13:16:46.096+0000] {manager.py:997} INFO - 
================================================================================
DAG File Processing Stats

File Path                             PID    Runtime      # DAGs    # Errors  Last Runtime    Last Run               Last # of DB Queries
------------------------------------  -----  ---------  --------  ----------  --------------  -------------------  ----------------------
/opt/airflow/dags/market)data_dag.py                           1           0  0.14s           2026-06-11T13:16:16                      45
================================================================================
[2026-06-11T13:17:16.376+0000] {manager.py:997} INFO - 
================================================================================
DAG File Processing Stats

File Path                               PID  Runtime      # DAGs    # Errors  Last Runtime    Last Run               Last # of DB Queries
------------------------------------  -----  ---------  --------  ----------  --------------  -------------------  ----------------------
/opt/airflow/dags/market)data_dag.py    302  0.00s             1           0  0.10s           2026-06-11T13:16:46                      12
================================================================================
[2026-06-11T13:17:46.525+0000] {manager.py:997} INFO - 
================================================================================
DAG File Processing Stats

File Path                               PID  Runtime      # DAGs    # Errors  Last Runtime    Last Run               Last # of DB Queries
------------------------------------  -----  ---------  --------  ----------  --------------  -------------------  ----------------------
/opt/airflow/dags/market)data_dag.py    307  0.00s             1           0  0.07s           2026-06-11T13:17:16                      12
================================================================================
[2026-06-11T13:18:16.665+0000] {manager.py:997} INFO - 
================================================================================
DAG File Processing Stats

File Path                               PID  Runtime      # DAGs    # Errors  Last Runtime    Last Run               Last # of DB Queries
------------------------------------  -----  ---------  --------  ----------  --------------  -------------------  ----------------------
/opt/airflow/dags/market)data_dag.py    357  0.00s             1           0  0.06s           2026-06-11T13:17:46                      12
================================================================================
[2026-06-11T13:18:45.098+0000] {manager.py:483} INFO - Processing files using up to 2 processes at a time 
[2026-06-11T13:18:45.098+0000] {manager.py:484} INFO - Process each file at most once every 30 seconds
[2026-06-11T13:18:45.098+0000] {manager.py:485} INFO - Checking for new files in /opt/airflow/dags every 300 seconds
[2026-06-11T13:18:45.098+0000] {manager.py:821} INFO - Searching for files in /opt/airflow/dags
[2026-06-11T13:18:45.099+0000] {manager.py:824} INFO - There are 1 files in /opt/airflow/dags
[2026-06-11T13:18:45.132+0000] {manager.py:997} INFO - 
================================================================================
DAG File Processing Stats

File Path                               PID  Runtime      # DAGs    # Errors  Last Runtime    Last Run      Last # of DB Queries
------------------------------------  -----  ---------  --------  ----------  --------------  ----------  ----------------------
/opt/airflow/dags/market)data_dag.py    231  0.01s             0           0                                                   0
================================================================================
[2026-06-11T13:19:15.232+0000] {manager.py:997} INFO - 
================================================================================
DAG File Processing Stats

File Path                             PID    Runtime      # DAGs    # Errors  Last Runtime    Last Run               Last # of DB Queries
------------------------------------  -----  ---------  --------  ----------  --------------  -------------------  ----------------------
/opt/airflow/dags/market)data_dag.py                           1           0  0.14s           2026-06-11T13:18:45                      45
================================================================================
[2026-06-11T13:19:45.489+0000] {manager.py:997} INFO - 
================================================================================
DAG File Processing Stats

File Path                               PID  Runtime      # DAGs    # Errors  Last Runtime    Last Run               Last # of DB Queries
------------------------------------  -----  ---------  --------  ----------  --------------  -------------------  ----------------------
/opt/airflow/dags/market)data_dag.py    274  0.00s             1           0  0.07s           2026-06-11T13:19:15                      12
================================================================================
[2026-06-11T13:20:15.663+0000] {manager.py:997} INFO - 
================================================================================
DAG File Processing Stats

File Path                               PID  Runtime      # DAGs    # Errors  Last Runtime    Last Run               Last # of DB Queries
------------------------------------  -----  ---------  --------  ----------  --------------  -------------------  ----------------------
/opt/airflow/dags/market)data_dag.py    280  0.00s             1           0  0.07s           2026-06-11T13:19:45                      12
================================================================================
[2026-06-11T13:20:45.770+0000] {manager.py:997} INFO - 
================================================================================
DAG File Processing Stats

File Path                               PID  Runtime      # DAGs    # Errors  Last Runtime    Last Run               Last # of DB Queries
------------------------------------  -----  ---------  --------  ----------  --------------  -------------------  ----------------------
/opt/airflow/dags/market)data_dag.py    293  0.00s             1           0  0.07s           2026-06-11T13:20:15                      12
================================================================================
[2026-06-11T13:21:15.918+0000] {manager.py:997} INFO - 
================================================================================
DAG File Processing Stats

File Path                               PID  Runtime      # DAGs    # Errors  Last Runtime    Last Run               Last # of DB Queries
------------------------------------  -----  ---------  --------  ----------  --------------  -------------------  ----------------------
/opt/airflow/dags/market)data_dag.py    322  0.00s             1           0  0.07s           2026-06-11T13:20:45                      12
================================================================================
[2026-06-11T13:21:46.054+0000] {manager.py:997} INFO - 
================================================================================
DAG File Processing Stats

File Path                               PID  Runtime      # DAGs    # Errors  Last Runtime    Last Run               Last # of DB Queries
------------------------------------  -----  ---------  --------  ----------  --------------  -------------------  ----------------------
/opt/airflow/dags/market)data_dag.py    350  0.00s             1           0  0.07s           2026-06-11T13:21:15                      12
================================================================================
[2026-06-11T13:22:16.175+0000] {manager.py:997} INFO - 
================================================================================
DAG File Processing Stats

File Path                               PID  Runtime      # DAGs    # Errors  Last Runtime    Last Run               Last # of DB Queries
------------------------------------  -----  ---------  --------  ----------  --------------  -------------------  ----------------------
/opt/airflow/dags/market)data_dag.py    457  0.00s             1           0  0.06s           2026-06-11T13:21:46                      12
================================================================================
[2026-06-11T13:22:46.342+0000] {manager.py:997} INFO - 
================================================================================
DAG File Processing Stats

File Path                               PID  Runtime      # DAGs    # Errors  Last Runtime    Last Run               Last # of DB Queries
------------------------------------  -----  ---------  --------  ----------  --------------  -------------------  ----------------------
/opt/airflow/dags/market)data_dag.py    495  0.00s             1           0  0.07s           2026-06-11T13:22:16                      12
================================================================================
[2026-06-11T13:23:16.461+0000] {manager.py:997} INFO - 
================================================================================
DAG File Processing Stats

File Path                               PID  Runtime      # DAGs    # Errors  Last Runtime    Last Run               Last # of DB Queries
------------------------------------  -----  ---------  --------  ----------  --------------  -------------------  ----------------------
/opt/airflow/dags/market)data_dag.py    500  0.00s             1           0  0.06s           2026-06-11T13:22:46                      12
================================================================================
[2026-06-11T13:23:45.589+0000] {manager.py:821} INFO - Searching for files in /opt/airflow/dags
[2026-06-11T13:23:45.590+0000] {manager.py:824} INFO - There are 1 files in /opt/airflow/dags
[2026-06-11T13:23:46.601+0000] {manager.py:997} INFO - 
================================================================================
DAG File Processing Stats

File Path                               PID  Runtime      # DAGs    # Errors  Last Runtime    Last Run               Last # of DB Queries
------------------------------------  -----  ---------  --------  ----------  --------------  -------------------  ----------------------
/opt/airflow/dags/market)data_dag.py    505  0.00s             1           0  0.07s           2026-06-11T13:23:16                      12
================================================================================
[2026-06-11T13:24:16.736+0000] {manager.py:997} INFO - 
================================================================================
DAG File Processing Stats

File Path                               PID  Runtime      # DAGs    # Errors  Last Runtime    Last Run               Last # of DB Queries
------------------------------------  -----  ---------  --------  ----------  --------------  -------------------  ----------------------
/opt/airflow/dags/market)data_dag.py    510  0.00s             1           0  0.07s           2026-06-11T13:23:46                      12
================================================================================
[2026-06-11T13:24:46.878+0000] {manager.py:997} INFO - 
================================================================================
DAG File Processing Stats

File Path                               PID  Runtime      # DAGs    # Errors  Last Runtime    Last Run               Last # of DB Queries
------------------------------------  -----  ---------  --------  ----------  --------------  -------------------  ----------------------
/opt/airflow/dags/market)data_dag.py    515  0.00s             1           0  0.06s           2026-06-11T13:24:16                      12
================================================================================
[2026-06-11T13:25:17.016+0000] {manager.py:997} INFO - 
================================================================================
DAG File Processing Stats

File Path                               PID  Runtime      # DAGs    # Errors  Last Runtime    Last Run               Last # of DB Queries
------------------------------------  -----  ---------  --------  ----------  --------------  -------------------  ----------------------
/opt/airflow/dags/market)data_dag.py    553  0.00s             1           0  0.07s           2026-06-11T13:24:46                      12
================================================================================
[2026-06-11T13:25:47.149+0000] {manager.py:997} INFO - 
================================================================================
DAG File Processing Stats

File Path                               PID  Runtime      # DAGs    # Errors  Last Runtime    Last Run               Last # of DB Queries
------------------------------------  -----  ---------  --------  ----------  --------------  -------------------  ----------------------
/opt/airflow/dags/market)data_dag.py    558  0.00s             1           0  0.06s           2026-06-11T13:25:17                      12
================================================================================
[2026-06-11T13:26:17.297+0000] {manager.py:997} INFO - 
================================================================================
DAG File Processing Stats

File Path                               PID  Runtime      # DAGs    # Errors  Last Runtime    Last Run               Last # of DB Queries
------------------------------------  -----  ---------  --------  ----------  --------------  -------------------  ----------------------
/opt/airflow/dags/market)data_dag.py    563  0.01s             1           0  0.07s           2026-06-11T13:25:47                      12
================================================================================
[2026-06-11T13:26:47.434+0000] {manager.py:997} INFO - 
================================================================================
DAG File Processing Stats

File Path                               PID  Runtime      # DAGs    # Errors  Last Runtime    Last Run               Last # of DB Queries
------------------------------------  -----  ---------  --------  ----------  --------------  -------------------  ----------------------
/opt/airflow/dags/market)data_dag.py    568  0.00s             1           0  0.06s           2026-06-11T13:26:17                      12
================================================================================
[2026-06-11T13:27:17.568+0000] {manager.py:997} INFO - 
================================================================================
DAG File Processing Stats

File Path                               PID  Runtime      # DAGs    # Errors  Last Runtime    Last Run               Last # of DB Queries
------------------------------------  -----  ---------  --------  ----------  --------------  -------------------  ----------------------
/opt/airflow/dags/market)data_dag.py    573  0.00s             1           0  0.06s           2026-06-11T13:26:47                      12
================================================================================
[2026-06-11T13:27:47.702+0000] {manager.py:997} INFO - 
================================================================================
DAG File Processing Stats

File Path                               PID  Runtime      # DAGs    # Errors  Last Runtime    Last Run               Last # of DB Queries
------------------------------------  -----  ---------  --------  ----------  --------------  -------------------  ----------------------
/opt/airflow/dags/market)data_dag.py    578  0.00s             1           0  0.07s           2026-06-11T13:27:17                      12
================================================================================
[2026-06-11T13:28:17.825+0000] {manager.py:997} INFO - 
================================================================================
DAG File Processing Stats

File Path                               PID  Runtime      # DAGs    # Errors  Last Runtime    Last Run               Last # of DB Queries
------------------------------------  -----  ---------  --------  ----------  --------------  -------------------  ----------------------
/opt/airflow/dags/market)data_dag.py    583  0.00s             1           0  0.07s           2026-06-11T13:27:47                      12
================================================================================
[2026-06-11T13:28:45.950+0000] {manager.py:821} INFO - Searching for files in /opt/airflow/dags
[2026-06-11T13:28:45.952+0000] {manager.py:824} INFO - There are 1 files in /opt/airflow/dags
[2026-06-11T13:28:47.968+0000] {manager.py:997} INFO - 
================================================================================
DAG File Processing Stats

File Path                               PID  Runtime      # DAGs    # Errors  Last Runtime    Last Run               Last # of DB Queries
------------------------------------  -----  ---------  --------  ----------  --------------  -------------------  ----------------------
/opt/airflow/dags/market)data_dag.py    588  0.00s             1           0  0.06s           2026-06-11T13:28:17                      12
================================================================================
[2026-06-11T13:29:18.093+0000] {manager.py:997} INFO - 
================================================================================
DAG File Processing Stats

File Path                               PID  Runtime      # DAGs    # Errors  Last Runtime    Last Run               Last # of DB Queries
------------------------------------  -----  ---------  --------  ----------  --------------  -------------------  ----------------------
/opt/airflow/dags/market)data_dag.py    593  0.00s             1           0  0.08s           2026-06-11T13:28:48                      12
================================================================================
[2026-06-11T13:29:48.227+0000] {manager.py:997} INFO - 
================================================================================
DAG File Processing Stats

File Path                               PID  Runtime      # DAGs    # Errors  Last Runtime    Last Run               Last # of DB Queries
------------------------------------  -----  ---------  --------  ----------  --------------  -------------------  ----------------------
/opt/airflow/dags/market)data_dag.py    598  0.00s             1           0  0.06s           2026-06-11T13:29:18                      12
================================================================================
[2026-06-11T13:30:18.352+0000] {manager.py:997} INFO - 
================================================================================
DAG File Processing Stats

File Path                               PID  Runtime      # DAGs    # Errors  Last Runtime    Last Run               Last # of DB Queries
------------------------------------  -----  ---------  --------  ----------  --------------  -------------------  ----------------------
/opt/airflow/dags/market)data_dag.py    636  0.00s             1           0  0.07s           2026-06-11T13:29:48                      12
================================================================================
[2026-06-11T13:30:48.495+0000] {manager.py:997} INFO - 
================================================================================
DAG File Processing Stats

File Path                               PID  Runtime      # DAGs    # Errors  Last Runtime    Last Run               Last # of DB Queries
------------------------------------  -----  ---------  --------  ----------  --------------  -------------------  ----------------------
/opt/airflow/dags/market)data_dag.py    641  0.00s             1           0  0.06s           2026-06-11T13:30:18                      12
================================================================================
[2026-06-11T13:31:18.608+0000] {manager.py:997} INFO - 
================================================================================
DAG File Processing Stats

File Path                               PID  Runtime      # DAGs    # Errors  Last Runtime    Last Run               Last # of DB Queries
------------------------------------  -----  ---------  --------  ----------  --------------  -------------------  ----------------------
/opt/airflow/dags/market)data_dag.py    646  0.00s             1           0  0.07s           2026-06-11T13:30:48                      12
================================================================================
[2026-06-11T13:31:48.759+0000] {manager.py:997} INFO - 
================================================================================
DAG File Processing Stats

File Path                               PID  Runtime      # DAGs    # Errors  Last Runtime    Last Run               Last # of DB Queries
------------------------------------  -----  ---------  --------  ----------  --------------  -------------------  ----------------------
/opt/airflow/dags/market)data_dag.py    651  0.00s             1           0  0.07s           2026-06-11T13:31:18                      12
================================================================================
[2026-06-11T13:32:18.892+0000] {manager.py:997} INFO - 
================================================================================
DAG File Processing Stats

File Path                               PID  Runtime      # DAGs    # Errors  Last Runtime    Last Run               Last # of DB Queries
------------------------------------  -----  ---------  --------  ----------  --------------  -------------------  ----------------------
/opt/airflow/dags/market)data_dag.py    656  0.00s             1           0  0.06s           2026-06-11T13:31:48                      12
================================================================================
[2026-06-11T13:32:49.020+0000] {manager.py:997} INFO - 
================================================================================
DAG File Processing Stats

File Path                               PID  Runtime      # DAGs    # Errors  Last Runtime    Last Run               Last # of DB Queries
------------------------------------  -----  ---------  --------  ----------  --------------  -------------------  ----------------------
/opt/airflow/dags/market)data_dag.py    661  0.00s             1           0  0.06s           2026-06-11T13:32:18                      12
================================================================================
[2026-06-11T13:33:19.161+0000] {manager.py:997} INFO - 
================================================================================
DAG File Processing Stats

File Path                               PID  Runtime      # DAGs    # Errors  Last Runtime    Last Run               Last # of DB Queries
------------------------------------  -----  ---------  --------  ----------  --------------  -------------------  ----------------------
/opt/airflow/dags/market)data_dag.py    666  0.00s             1           0  0.06s           2026-06-11T13:32:49                      12
================================================================================
[2026-06-11T13:33:46.278+0000] {manager.py:821} INFO - Searching for files in /opt/airflow/dags
[2026-06-11T13:33:46.279+0000] {manager.py:824} INFO - There are 1 files in /opt/airflow/dags
[2026-06-11T13:33:49.296+0000] {manager.py:997} INFO - 
================================================================================
DAG File Processing Stats

File Path                               PID  Runtime      # DAGs    # Errors  Last Runtime    Last Run               Last # of DB Queries
------------------------------------  -----  ---------  --------  ----------  --------------  -------------------  ----------------------
/opt/airflow/dags/market)data_dag.py    671  0.00s             1           0  0.06s           2026-06-11T13:33:19                      12
================================================================================
[2026-06-11T13:34:19.443+0000] {manager.py:997} INFO - 
================================================================================
DAG File Processing Stats

File Path                               PID  Runtime      # DAGs    # Errors  Last Runtime    Last Run               Last # of DB Queries
------------------------------------  -----  ---------  --------  ----------  --------------  -------------------  ----------------------
/opt/airflow/dags/market)data_dag.py    676  0.00s             1           0  0.06s           2026-06-11T13:33:49                      12
================================================================================
[2026-06-11T13:34:49.572+0000] {manager.py:997} INFO - 
================================================================================
DAG File Processing Stats

File Path                               PID  Runtime      # DAGs    # Errors  Last Runtime    Last Run               Last # of DB Queries
------------------------------------  -----  ---------  --------  ----------  --------------  -------------------  ----------------------
/opt/airflow/dags/market)data_dag.py    681  0.00s             1           0  0.06s           2026-06-11T13:34:19                      12
================================================================================
[2026-06-11T13:35:19.693+0000] {manager.py:997} INFO - 
================================================================================
DAG File Processing Stats

File Path                               PID  Runtime      # DAGs    # Errors  Last Runtime    Last Run               Last # of DB Queries
------------------------------------  -----  ---------  --------  ----------  --------------  -------------------  ----------------------
/opt/airflow/dags/market)data_dag.py    719  0.00s             1           0  0.06s           2026-06-11T13:34:49                      12
================================================================================
[2026-06-11T13:35:49.826+0000] {manager.py:997} INFO - 
================================================================================
DAG File Processing Stats

File Path                               PID  Runtime      # DAGs    # Errors  Last Runtime    Last Run               Last # of DB Queries
------------------------------------  -----  ---------  --------  ----------  --------------  -------------------  ----------------------
/opt/airflow/dags/market)data_dag.py    724  0.00s             1           0  0.06s           2026-06-11T13:35:19                      12
================================================================================
[2026-06-11T13:36:19.939+0000] {manager.py:997} INFO - 
================================================================================
DAG File Processing Stats

File Path                               PID  Runtime      # DAGs    # Errors  Last Runtime    Last Run               Last # of DB Queries
------------------------------------  -----  ---------  --------  ----------  --------------  -------------------  ----------------------
/opt/airflow/dags/market)data_dag.py    729  0.00s             1           0  0.06s           2026-06-11T13:35:49                      12
================================================================================
[2026-06-11T13:36:50.084+0000] {manager.py:997} INFO - 
================================================================================
DAG File Processing Stats

File Path                               PID  Runtime      # DAGs    # Errors  Last Runtime    Last Run               Last # of DB Queries
------------------------------------  -----  ---------  --------  ----------  --------------  -------------------  ----------------------
/opt/airflow/dags/market)data_dag.py    734  0.00s             1           0  0.07s           2026-06-11T13:36:20                      12
================================================================================
[2026-06-11T13:37:17.502+0000] {manager.py:483} INFO - Processing files using up to 2 processes at a time 
[2026-06-11T13:37:17.503+0000] {manager.py:484} INFO - Process each file at most once every 30 seconds
[2026-06-11T13:37:17.503+0000] {manager.py:485} INFO - Checking for new files in /opt/airflow/dags every 300 seconds
[2026-06-11T13:37:17.503+0000] {manager.py:821} INFO - Searching for files in /opt/airflow/dags
[2026-06-11T13:37:17.504+0000] {manager.py:824} INFO - There are 1 files in /opt/airflow/dags
[2026-06-11T13:37:17.541+0000] {manager.py:997} INFO - 
================================================================================
DAG File Processing Stats

File Path                               PID  Runtime      # DAGs    # Errors  Last Runtime    Last Run      Last # of DB Queries
------------------------------------  -----  ---------  --------  ----------  --------------  ----------  ----------------------
/opt/airflow/dags/market)data_dag.py    231  0.01s             0           0                                                   0
================================================================================
[2026-06-11T13:37:47.660+0000] {manager.py:997} INFO - 
================================================================================
DAG File Processing Stats

File Path                             PID    Runtime      # DAGs    # Errors  Last Runtime    Last Run               Last # of DB Queries
------------------------------------  -----  ---------  --------  ----------  --------------  -------------------  ----------------------
/opt/airflow/dags/market)data_dag.py                           1           0  0.15s           2026-06-11T13:37:17                      45
================================================================================
[2026-06-11T13:38:25.912+0000] {manager.py:483} INFO - Processing files using up to 2 processes at a time 
[2026-06-11T13:38:25.913+0000] {manager.py:484} INFO - Process each file at most once every 30 seconds
[2026-06-11T13:38:25.913+0000] {manager.py:485} INFO - Checking for new files in /opt/airflow/dags every 300 seconds
[2026-06-11T13:38:25.913+0000] {manager.py:821} INFO - Searching for files in /opt/airflow/dags
[2026-06-11T13:38:25.914+0000] {manager.py:824} INFO - There are 1 files in /opt/airflow/dags
[2026-06-11T13:38:25.948+0000] {manager.py:997} INFO - 
================================================================================
DAG File Processing Stats

File Path                               PID  Runtime      # DAGs    # Errors  Last Runtime    Last Run      Last # of DB Queries
------------------------------------  -----  ---------  --------  ----------  --------------  ----------  ----------------------
/opt/airflow/dags/market)data_dag.py    231  0.01s             0           0                                                   0
================================================================================
[2026-06-11T13:38:56.076+0000] {manager.py:997} INFO - 
================================================================================
DAG File Processing Stats

File Path                             PID    Runtime      # DAGs    # Errors  Last Runtime    Last Run               Last # of DB Queries
------------------------------------  -----  ---------  --------  ----------  --------------  -------------------  ----------------------
/opt/airflow/dags/market)data_dag.py                           1           0  0.16s           2026-06-11T13:38:26                      45
================================================================================
[2026-06-11T13:39:26.301+0000] {manager.py:997} INFO - 
================================================================================
DAG File Processing Stats

File Path                               PID  Runtime      # DAGs    # Errors  Last Runtime    Last Run               Last # of DB Queries
------------------------------------  -----  ---------  --------  ----------  --------------  -------------------  ----------------------
/opt/airflow/dags/market)data_dag.py    273  0.00s             1           0  0.07s           2026-06-11T13:38:56                      12
================================================================================
[2026-06-11T13:39:56.451+0000] {manager.py:997} INFO - 
================================================================================
DAG File Processing Stats

File Path                               PID  Runtime      # DAGs    # Errors  Last Runtime    Last Run               Last # of DB Queries
------------------------------------  -----  ---------  --------  ----------  --------------  -------------------  ----------------------
/opt/airflow/dags/market)data_dag.py    278  0.00s             1           0  0.07s           2026-06-11T13:39:26                      12
================================================================================
[2026-06-11T13:40:26.565+0000] {manager.py:997} INFO - 
================================================================================
DAG File Processing Stats

File Path                               PID  Runtime      # DAGs    # Errors  Last Runtime    Last Run               Last # of DB Queries
------------------------------------  -----  ---------  --------  ----------  --------------  -------------------  ----------------------
/opt/airflow/dags/market)data_dag.py    284  0.00s             1           0  0.07s           2026-06-11T13:39:56                      12
================================================================================
[2026-06-11T13:41:08.584+0000] {manager.py:483} INFO - Processing files using up to 2 processes at a time 
[2026-06-11T13:41:08.584+0000] {manager.py:484} INFO - Process each file at most once every 30 seconds
[2026-06-11T13:41:08.585+0000] {manager.py:485} INFO - Checking for new files in /opt/airflow/dags every 300 seconds
[2026-06-11T13:41:08.585+0000] {manager.py:821} INFO - Searching for files in /opt/airflow/dags
[2026-06-11T13:41:08.585+0000] {manager.py:824} INFO - There are 1 files in /opt/airflow/dags
[2026-06-11T13:41:08.620+0000] {manager.py:997} INFO - 
================================================================================
DAG File Processing Stats

File Path                               PID  Runtime      # DAGs    # Errors  Last Runtime    Last Run      Last # of DB Queries
------------------------------------  -----  ---------  --------  ----------  --------------  ----------  ----------------------
/opt/airflow/dags/market)data_dag.py    231  0.01s             0           0                                                   0
================================================================================
[2026-06-11T13:41:38.726+0000] {manager.py:997} INFO - 
================================================================================
DAG File Processing Stats

File Path                             PID    Runtime      # DAGs    # Errors  Last Runtime    Last Run               Last # of DB Queries
------------------------------------  -----  ---------  --------  ----------  --------------  -------------------  ----------------------
/opt/airflow/dags/market)data_dag.py                           1           0  0.15s           2026-06-11T13:41:08                      45
================================================================================
[2026-06-11T13:42:08.951+0000] {manager.py:997} INFO - 
================================================================================
DAG File Processing Stats

File Path                               PID  Runtime      # DAGs    # Errors  Last Runtime    Last Run               Last # of DB Queries
------------------------------------  -----  ---------  --------  ----------  --------------  -------------------  ----------------------
/opt/airflow/dags/market)data_dag.py    273  0.00s             1           0  0.07s           2026-06-11T13:41:38                      12
================================================================================
[2026-06-11T13:42:39.103+0000] {manager.py:997} INFO - 
================================================================================
DAG File Processing Stats

File Path                               PID  Runtime      # DAGs    # Errors  Last Runtime    Last Run               Last # of DB Queries
------------------------------------  -----  ---------  --------  ----------  --------------  -------------------  ----------------------
/opt/airflow/dags/market)data_dag.py    278  0.00s             1           0  0.08s           2026-06-11T13:42:09                      12
================================================================================
[2026-06-11T13:43:09.229+0000] {manager.py:997} INFO - 
================================================================================
DAG File Processing Stats

File Path                               PID  Runtime      # DAGs    # Errors  Last Runtime    Last Run               Last # of DB Queries
------------------------------------  -----  ---------  --------  ----------  --------------  -------------------  ----------------------
/opt/airflow/dags/market)data_dag.py    283  0.00s             1           0  0.07s           2026-06-11T13:42:39                      12
================================================================================
[2026-06-11T13:43:39.360+0000] {manager.py:997} INFO - 
================================================================================
DAG File Processing Stats

File Path                               PID  Runtime      # DAGs    # Errors  Last Runtime    Last Run               Last # of DB Queries
------------------------------------  -----  ---------  --------  ----------  --------------  -------------------  ----------------------
/opt/airflow/dags/market)data_dag.py    288  0.00s             1           0  0.07s           2026-06-11T13:43:09                      12
================================================================================
[2026-06-11T13:44:09.483+0000] {manager.py:997} INFO - 
================================================================================
DAG File Processing Stats

File Path                               PID  Runtime      # DAGs    # Errors  Last Runtime    Last Run               Last # of DB Queries
------------------------------------  -----  ---------  --------  ----------  --------------  -------------------  ----------------------
/opt/airflow/dags/market)data_dag.py    293  0.00s             1           0  0.06s           2026-06-11T13:43:39                      12
================================================================================
[2026-06-11T13:44:39.612+0000] {manager.py:997} INFO - 
================================================================================
DAG File Processing Stats

File Path                               PID  Runtime      # DAGs    # Errors  Last Runtime    Last Run               Last # of DB Queries
------------------------------------  -----  ---------  --------  ----------  --------------  -------------------  ----------------------
/opt/airflow/dags/market)data_dag.py    298  0.00s             1           0  0.07s           2026-06-11T13:44:09                      12
================================================================================
[2026-06-11T13:45:26.117+0000] {manager.py:483} INFO - Processing files using up to 2 processes at a time 
[2026-06-11T13:45:26.118+0000] {manager.py:484} INFO - Process each file at most once every 30 seconds
[2026-06-11T13:45:26.118+0000] {manager.py:485} INFO - Checking for new files in /opt/airflow/dags every 300 seconds
[2026-06-11T13:45:26.118+0000] {manager.py:821} INFO - Searching for files in /opt/airflow/dags
[2026-06-11T13:45:26.119+0000] {manager.py:824} INFO - There are 1 files in /opt/airflow/dags
[2026-06-11T13:45:26.154+0000] {manager.py:997} INFO - 
================================================================================
DAG File Processing Stats

File Path                               PID  Runtime      # DAGs    # Errors  Last Runtime    Last Run      Last # of DB Queries
------------------------------------  -----  ---------  --------  ----------  --------------  ----------  ----------------------
/opt/airflow/dags/market)data_dag.py    232  0.01s             0           0                                                   0
================================================================================
[2026-06-11T13:45:56.264+0000] {manager.py:997} INFO - 
================================================================================
DAG File Processing Stats

File Path                             PID    Runtime      # DAGs    # Errors  Last Runtime    Last Run               Last # of DB Queries
------------------------------------  -----  ---------  --------  ----------  --------------  -------------------  ----------------------
/opt/airflow/dags/market)data_dag.py                           1           0  0.15s           2026-06-11T13:45:26                      45
================================================================================
[2026-06-11T13:46:26.516+0000] {manager.py:997} INFO - 
================================================================================
DAG File Processing Stats

File Path                               PID  Runtime      # DAGs    # Errors  Last Runtime    Last Run               Last # of DB Queries
------------------------------------  -----  ---------  --------  ----------  --------------  -------------------  ----------------------
/opt/airflow/dags/market)data_dag.py    274  0.00s             1           0  0.07s           2026-06-11T13:45:56                      12
================================================================================
[2026-06-11T13:46:56.646+0000] {manager.py:997} INFO - 
================================================================================
DAG File Processing Stats

File Path                               PID  Runtime      # DAGs    # Errors  Last Runtime    Last Run               Last # of DB Queries
------------------------------------  -----  ---------  --------  ----------  --------------  -------------------  ----------------------
/opt/airflow/dags/market)data_dag.py    279  0.00s             1           0  0.07s           2026-06-11T13:46:26                      12
================================================================================
[2026-06-11T13:47:26.764+0000] {manager.py:997} INFO - 
================================================================================
DAG File Processing Stats

File Path                               PID  Runtime      # DAGs    # Errors  Last Runtime    Last Run               Last # of DB Queries
------------------------------------  -----  ---------  --------  ----------  --------------  -------------------  ----------------------
/opt/airflow/dags/market)data_dag.py    284  0.00s             1           0  0.07s           2026-06-11T13:46:56                      12
================================================================================
[2026-06-11T13:47:56.906+0000] {manager.py:997} INFO - 
================================================================================
DAG File Processing Stats

File Path                               PID  Runtime      # DAGs    # Errors  Last Runtime    Last Run               Last # of DB Queries
------------------------------------  -----  ---------  --------  ----------  --------------  -------------------  ----------------------
/opt/airflow/dags/market)data_dag.py    289  0.00s             1           0  0.07s           2026-06-11T13:47:26                      12
================================================================================
[2026-06-11T13:48:27.042+0000] {manager.py:997} INFO - 
================================================================================
DAG File Processing Stats

File Path                               PID  Runtime      # DAGs    # Errors  Last Runtime    Last Run               Last # of DB Queries
------------------------------------  -----  ---------  --------  ----------  --------------  -------------------  ----------------------
/opt/airflow/dags/market)data_dag.py    294  0.00s             1           0  0.06s           2026-06-11T13:47:56                      12
================================================================================
[2026-06-11T13:48:57.158+0000] {manager.py:997} INFO - 
================================================================================
DAG File Processing Stats

File Path                               PID  Runtime      # DAGs    # Errors  Last Runtime    Last Run               Last # of DB Queries
------------------------------------  -----  ---------  --------  ----------  --------------  -------------------  ----------------------
/opt/airflow/dags/market)data_dag.py    299  0.00s             1           0  0.06s           2026-06-11T13:48:27                      12
================================================================================
[2026-06-11T13:49:27.295+0000] {manager.py:997} INFO - 
================================================================================
DAG File Processing Stats

File Path                               PID  Runtime      # DAGs    # Errors  Last Runtime    Last Run               Last # of DB Queries
------------------------------------  -----  ---------  --------  ----------  --------------  -------------------  ----------------------
/opt/airflow/dags/market)data_dag.py    304  0.00s             1           0  0.06s           2026-06-11T13:48:57                      12
================================================================================
[2026-06-11T13:49:57.412+0000] {manager.py:997} INFO - 
================================================================================
DAG File Processing Stats

File Path                               PID  Runtime      # DAGs    # Errors  Last Runtime    Last Run               Last # of DB Queries
------------------------------------  -----  ---------  --------  ----------  --------------  -------------------  ----------------------
/opt/airflow/dags/market)data_dag.py    309  0.00s             1           0  0.06s           2026-06-11T13:49:27                      12
================================================================================
[2026-06-11T13:50:26.536+0000] {manager.py:821} INFO - Searching for files in /opt/airflow/dags
[2026-06-11T13:50:26.536+0000] {manager.py:824} INFO - There are 1 files in /opt/airflow/dags
[2026-06-11T13:50:27.548+0000] {manager.py:997} INFO - 
================================================================================
DAG File Processing Stats

File Path                               PID  Runtime      # DAGs    # Errors  Last Runtime    Last Run               Last # of DB Queries
------------------------------------  -----  ---------  --------  ----------  --------------  -------------------  ----------------------
/opt/airflow/dags/market)data_dag.py    314  0.00s             1           0  0.06s           2026-06-11T13:49:57                      12
================================================================================
[2026-06-11T13:50:57.662+0000] {manager.py:997} INFO - 
================================================================================
DAG File Processing Stats

File Path                               PID  Runtime      # DAGs    # Errors  Last Runtime    Last Run               Last # of DB Queries
------------------------------------  -----  ---------  --------  ----------  --------------  -------------------  ----------------------
/opt/airflow/dags/market)data_dag.py    319  0.00s             1           0  0.06s           2026-06-11T13:50:27                      12
================================================================================
[2026-06-11T13:51:27.793+0000] {manager.py:997} INFO - 
================================================================================
DAG File Processing Stats

File Path                               PID  Runtime      # DAGs    # Errors  Last Runtime    Last Run               Last # of DB Queries
------------------------------------  -----  ---------  --------  ----------  --------------  -------------------  ----------------------
/opt/airflow/dags/market)data_dag.py    324  0.00s             1           0  0.06s           2026-06-11T13:50:57                      12
================================================================================
[2026-06-11T13:51:57.908+0000] {manager.py:997} INFO - 
================================================================================
DAG File Processing Stats

File Path                               PID  Runtime      # DAGs    # Errors  Last Runtime    Last Run               Last # of DB Queries
------------------------------------  -----  ---------  --------  ----------  --------------  -------------------  ----------------------
/opt/airflow/dags/market)data_dag.py    329  0.00s             1           0  0.08s           2026-06-11T13:51:27                      12
================================================================================
[2026-06-11T13:52:28.053+0000] {manager.py:997} INFO - 
================================================================================
DAG File Processing Stats

File Path                               PID  Runtime      # DAGs    # Errors  Last Runtime    Last Run               Last # of DB Queries
------------------------------------  -----  ---------  --------  ----------  --------------  -------------------  ----------------------
/opt/airflow/dags/market)data_dag.py    334  0.00s             1           0  0.06s           2026-06-11T13:51:57                      12
================================================================================
[2026-06-11T13:52:58.177+0000] {manager.py:997} INFO - 
================================================================================
DAG File Processing Stats

File Path                               PID  Runtime      # DAGs    # Errors  Last Runtime    Last Run               Last # of DB Queries
------------------------------------  -----  ---------  --------  ----------  --------------  -------------------  ----------------------
/opt/airflow/dags/market)data_dag.py    339  0.00s             1           0  0.06s           2026-06-11T13:52:28                      12
================================================================================
[2026-06-11T13:53:28.297+0000] {manager.py:997} INFO - 
================================================================================
DAG File Processing Stats

File Path                               PID  Runtime      # DAGs    # Errors  Last Runtime    Last Run               Last # of DB Queries
------------------------------------  -----  ---------  --------  ----------  --------------  -------------------  ----------------------
/opt/airflow/dags/market)data_dag.py    344  0.00s             1           0  0.06s           2026-06-11T13:52:58                      12
================================================================================
[2026-06-11T13:53:58.424+0000] {manager.py:997} INFO - 
================================================================================
DAG File Processing Stats

File Path                               PID  Runtime      # DAGs    # Errors  Last Runtime    Last Run               Last # of DB Queries
------------------------------------  -----  ---------  --------  ----------  --------------  -------------------  ----------------------
/opt/airflow/dags/market)data_dag.py    349  0.00s             1           0  0.06s           2026-06-11T13:53:28                      12
================================================================================
[2026-06-11T13:54:28.537+0000] {manager.py:997} INFO - 
================================================================================
DAG File Processing Stats

File Path                               PID  Runtime      # DAGs    # Errors  Last Runtime    Last Run               Last # of DB Queries
------------------------------------  -----  ---------  --------  ----------  --------------  -------------------  ----------------------
/opt/airflow/dags/market)data_dag.py    354  0.00s             1           0  0.06s           2026-06-11T13:53:58                      12
================================================================================
[2026-06-11T13:54:58.667+0000] {manager.py:997} INFO - 
================================================================================
DAG File Processing Stats

File Path                               PID  Runtime      # DAGs    # Errors  Last Runtime    Last Run               Last # of DB Queries
------------------------------------  -----  ---------  --------  ----------  --------------  -------------------  ----------------------
/opt/airflow/dags/market)data_dag.py    359  0.00s             1           0  0.06s           2026-06-11T13:54:28                      12
================================================================================
[2026-06-11T13:55:26.777+0000] {manager.py:821} INFO - Searching for files in /opt/airflow/dags
[2026-06-11T13:55:26.779+0000] {manager.py:824} INFO - There are 1 files in /opt/airflow/dags
[2026-06-11T13:55:28.795+0000] {manager.py:997} INFO - 
================================================================================
DAG File Processing Stats

File Path                               PID  Runtime      # DAGs    # Errors  Last Runtime    Last Run               Last # of DB Queries
------------------------------------  -----  ---------  --------  ----------  --------------  -------------------  ----------------------
/opt/airflow/dags/market)data_dag.py    364  0.00s             1           0  0.06s           2026-06-11T13:54:58                      12
================================================================================
[2026-06-11T13:55:58.922+0000] {manager.py:997} INFO - 
================================================================================
DAG File Processing Stats

File Path                               PID  Runtime      # DAGs    # Errors  Last Runtime    Last Run               Last # of DB Queries
------------------------------------  -----  ---------  --------  ----------  --------------  -------------------  ----------------------
/opt/airflow/dags/market)data_dag.py    369  0.00s             1           0  0.06s           2026-06-11T13:55:28                      12
================================================================================
[2026-06-11T13:56:29.041+0000] {manager.py:997} INFO - 
================================================================================
DAG File Processing Stats

File Path                               PID  Runtime      # DAGs    # Errors  Last Runtime    Last Run               Last # of DB Queries
------------------------------------  -----  ---------  --------  ----------  --------------  -------------------  ----------------------
/opt/airflow/dags/market)data_dag.py    374  0.00s             1           0  0.06s           2026-06-11T13:55:58                      12
================================================================================
[2026-06-11T13:56:59.159+0000] {manager.py:997} INFO - 
================================================================================
DAG File Processing Stats

File Path                               PID  Runtime      # DAGs    # Errors  Last Runtime    Last Run               Last # of DB Queries
------------------------------------  -----  ---------  --------  ----------  --------------  -------------------  ----------------------
/opt/airflow/dags/market)data_dag.py    379  0.00s             1           0  0.06s           2026-06-11T13:56:29                      12
================================================================================
[2026-06-11T13:57:29.296+0000] {manager.py:997} INFO - 
================================================================================
DAG File Processing Stats

File Path                               PID  Runtime      # DAGs    # Errors  Last Runtime    Last Run               Last # of DB Queries
------------------------------------  -----  ---------  --------  ----------  --------------  -------------------  ----------------------
/opt/airflow/dags/market)data_dag.py    384  0.00s             1           0  0.06s           2026-06-11T13:56:59                      12
================================================================================
[2026-06-11T13:57:59.410+0000] {manager.py:997} INFO - 
================================================================================
DAG File Processing Stats

File Path                               PID  Runtime      # DAGs    # Errors  Last Runtime    Last Run               Last # of DB Queries
------------------------------------  -----  ---------  --------  ----------  --------------  -------------------  ----------------------
/opt/airflow/dags/market)data_dag.py    389  0.00s             1           0  0.06s           2026-06-11T13:57:29                      12
================================================================================
[2026-06-11T13:58:29.562+0000] {manager.py:997} INFO - 
================================================================================
DAG File Processing Stats

File Path                               PID  Runtime      # DAGs    # Errors  Last Runtime    Last Run               Last # of DB Queries
------------------------------------  -----  ---------  --------  ----------  --------------  -------------------  ----------------------
/opt/airflow/dags/market)data_dag.py    394  0.00s             1           0  0.06s           2026-06-11T13:57:59                      12
================================================================================
[2026-06-11T13:58:59.723+0000] {manager.py:997} INFO - 
================================================================================
DAG File Processing Stats

File Path                               PID  Runtime      # DAGs    # Errors  Last Runtime    Last Run               Last # of DB Queries
------------------------------------  -----  ---------  --------  ----------  --------------  -------------------  ----------------------
/opt/airflow/dags/market)data_dag.py    399  0.00s             1           0  0.07s           2026-06-11T13:58:29                      12
================================================================================
[2026-06-11T13:59:29.863+0000] {manager.py:997} INFO - 
================================================================================
DAG File Processing Stats

File Path                               PID  Runtime      # DAGs    # Errors  Last Runtime    Last Run               Last # of DB Queries
------------------------------------  -----  ---------  --------  ----------  --------------  -------------------  ----------------------
/opt/airflow/dags/market)data_dag.py    404  0.00s             1           0  0.07s           2026-06-11T13:58:59                      12
================================================================================
[2026-06-11T13:59:59.976+0000] {manager.py:997} INFO - 
================================================================================
DAG File Processing Stats

File Path                               PID  Runtime      # DAGs    # Errors  Last Runtime    Last Run               Last # of DB Queries
------------------------------------  -----  ---------  --------  ----------  --------------  -------------------  ----------------------
/opt/airflow/dags/market)data_dag.py    409  0.00s             1           0  0.06s           2026-06-11T13:59:29                      12
================================================================================
[2026-06-11T14:00:27.104+0000] {manager.py:821} INFO - Searching for files in /opt/airflow/dags
[2026-06-11T14:00:27.105+0000] {manager.py:824} INFO - There are 1 files in /opt/airflow/dags
[2026-06-11T14:00:30.125+0000] {manager.py:997} INFO - 
================================================================================
DAG File Processing Stats

File Path                               PID  Runtime      # DAGs    # Errors  Last Runtime    Last Run               Last # of DB Queries
------------------------------------  -----  ---------  --------  ----------  --------------  -------------------  ----------------------
/opt/airflow/dags/market)data_dag.py    414  0.01s             1           0  0.07s           2026-06-11T14:00:00                      12
================================================================================
[2026-06-11T14:01:00.248+0000] {manager.py:997} INFO - 
================================================================================
DAG File Processing Stats

File Path                               PID  Runtime      # DAGs    # Errors  Last Runtime    Last Run               Last # of DB Queries
------------------------------------  -----  ---------  --------  ----------  --------------  -------------------  ----------------------
/opt/airflow/dags/market)data_dag.py    419  0.00s             1           0  0.07s           2026-06-11T14:00:30                      12
================================================================================
[2026-06-11T14:01:30.377+0000] {manager.py:997} INFO - 
================================================================================
DAG File Processing Stats

File Path                               PID  Runtime      # DAGs    # Errors  Last Runtime    Last Run               Last # of DB Queries
------------------------------------  -----  ---------  --------  ----------  --------------  -------------------  ----------------------
/opt/airflow/dags/market)data_dag.py    424  0.00s             1           0  0.06s           2026-06-11T14:01:00                      12
================================================================================
[2026-06-11T14:02:00.495+0000] {manager.py:997} INFO - 
================================================================================
DAG File Processing Stats

File Path                               PID  Runtime      # DAGs    # Errors  Last Runtime    Last Run               Last # of DB Queries
------------------------------------  -----  ---------  --------  ----------  --------------  -------------------  ----------------------
/opt/airflow/dags/market)data_dag.py    429  0.00s             1           0  0.06s           2026-06-11T14:01:30                      12
================================================================================
[2026-06-11T14:02:30.646+0000] {manager.py:997} INFO - 
================================================================================
DAG File Processing Stats

File Path                               PID  Runtime      # DAGs    # Errors  Last Runtime    Last Run               Last # of DB Queries
------------------------------------  -----  ---------  --------  ----------  --------------  -------------------  ----------------------
/opt/airflow/dags/market)data_dag.py    434  0.00s             1           0  0.06s           2026-06-11T14:02:00                      12
================================================================================
[2026-06-11T14:03:00.768+0000] {manager.py:997} INFO - 
================================================================================
DAG File Processing Stats

File Path                               PID  Runtime      # DAGs    # Errors  Last Runtime    Last Run               Last # of DB Queries
------------------------------------  -----  ---------  --------  ----------  --------------  -------------------  ----------------------
/opt/airflow/dags/market)data_dag.py    439  0.00s             1           0  0.06s           2026-06-11T14:02:30                      12
================================================================================
[2026-06-11T14:03:30.905+0000] {manager.py:997} INFO - 
================================================================================
DAG File Processing Stats

File Path                               PID  Runtime      # DAGs    # Errors  Last Runtime    Last Run               Last # of DB Queries
------------------------------------  -----  ---------  --------  ----------  --------------  -------------------  ----------------------
/opt/airflow/dags/market)data_dag.py    444  0.00s             1           0  0.06s           2026-06-11T14:03:00                      12
================================================================================
[2026-06-11T14:04:01.040+0000] {manager.py:997} INFO - 
================================================================================
DAG File Processing Stats

File Path                               PID  Runtime      # DAGs    # Errors  Last Runtime    Last Run               Last # of DB Queries
------------------------------------  -----  ---------  --------  ----------  --------------  -------------------  ----------------------
/opt/airflow/dags/market)data_dag.py    449  0.00s             1           0  0.07s           2026-06-11T14:03:30                      12
================================================================================
[2026-06-11T14:04:31.157+0000] {manager.py:997} INFO - 
================================================================================
DAG File Processing Stats

File Path                               PID  Runtime      # DAGs    # Errors  Last Runtime    Last Run               Last # of DB Queries
------------------------------------  -----  ---------  --------  ----------  --------------  -------------------  ----------------------
/opt/airflow/dags/market)data_dag.py    454  0.00s             1           0  0.07s           2026-06-11T14:04:01                      12
================================================================================
[2026-06-11T14:05:01.318+0000] {manager.py:997} INFO - 
================================================================================
DAG File Processing Stats

File Path                               PID  Runtime      # DAGs    # Errors  Last Runtime    Last Run               Last # of DB Queries
------------------------------------  -----  ---------  --------  ----------  --------------  -------------------  ----------------------
/opt/airflow/dags/market)data_dag.py    459  0.00s             1           0  0.06s           2026-06-11T14:04:31                      12
================================================================================
[2026-06-11T14:05:27.419+0000] {manager.py:821} INFO - Searching for files in /opt/airflow/dags
[2026-06-11T14:05:27.419+0000] {manager.py:824} INFO - There are 1 files in /opt/airflow/dags
[2026-06-11T14:05:31.442+0000] {manager.py:997} INFO - 
================================================================================
DAG File Processing Stats

File Path                               PID  Runtime      # DAGs    # Errors  Last Runtime    Last Run               Last # of DB Queries
------------------------------------  -----  ---------  --------  ----------  --------------  -------------------  ----------------------
/opt/airflow/dags/market)data_dag.py    464  0.00s             1           0  0.07s           2026-06-11T14:05:01                      12
================================================================================
[2026-06-11T14:06:01.568+0000] {manager.py:997} INFO - 
================================================================================
DAG File Processing Stats

File Path                               PID  Runtime      # DAGs    # Errors  Last Runtime    Last Run               Last # of DB Queries
------------------------------------  -----  ---------  --------  ----------  --------------  -------------------  ----------------------
/opt/airflow/dags/market)data_dag.py    469  0.00s             1           0  0.07s           2026-06-11T14:05:31                      12
================================================================================
[2026-06-11T14:06:31.697+0000] {manager.py:997} INFO - 
================================================================================
DAG File Processing Stats

File Path                               PID  Runtime      # DAGs    # Errors  Last Runtime    Last Run               Last # of DB Queries
------------------------------------  -----  ---------  --------  ----------  --------------  -------------------  ----------------------
/opt/airflow/dags/market)data_dag.py    474  0.00s             1           0  0.06s           2026-06-11T14:06:01                      12
================================================================================
[2026-06-11T14:07:01.823+0000] {manager.py:997} INFO - 
================================================================================
DAG File Processing Stats

File Path                               PID  Runtime      # DAGs    # Errors  Last Runtime    Last Run               Last # of DB Queries
------------------------------------  -----  ---------  --------  ----------  --------------  -------------------  ----------------------
/opt/airflow/dags/market)data_dag.py    479  0.00s             1           0  0.06s           2026-06-11T14:06:31                      12
================================================================================
[2026-06-11T14:07:31.952+0000] {manager.py:997} INFO - 
================================================================================
DAG File Processing Stats

File Path                               PID  Runtime      # DAGs    # Errors  Last Runtime    Last Run               Last # of DB Queries
------------------------------------  -----  ---------  --------  ----------  --------------  -------------------  ----------------------
/opt/airflow/dags/market)data_dag.py    484  0.00s             1           0  0.07s           2026-06-11T14:07:01                      12
================================================================================
[2026-06-11T14:08:02.084+0000] {manager.py:997} INFO - 
================================================================================
DAG File Processing Stats

File Path                               PID  Runtime      # DAGs    # Errors  Last Runtime    Last Run               Last # of DB Queries
------------------------------------  -----  ---------  --------  ----------  --------------  -------------------  ----------------------
/opt/airflow/dags/market)data_dag.py    489  0.00s             1           0  0.07s           2026-06-11T14:07:32                      12
================================================================================
[2026-06-11T14:08:32.215+0000] {manager.py:997} INFO - 
================================================================================
DAG File Processing Stats

File Path                               PID  Runtime      # DAGs    # Errors  Last Runtime    Last Run               Last # of DB Queries
------------------------------------  -----  ---------  --------  ----------  --------------  -------------------  ----------------------
/opt/airflow/dags/market)data_dag.py    494  0.00s             1           0  0.06s           2026-06-11T14:08:02                      12
================================================================================
[2026-06-11T14:09:02.332+0000] {manager.py:997} INFO - 
================================================================================
DAG File Processing Stats

File Path                               PID  Runtime      # DAGs    # Errors  Last Runtime    Last Run               Last # of DB Queries
------------------------------------  -----  ---------  --------  ----------  --------------  -------------------  ----------------------
/opt/airflow/dags/market)data_dag.py    499  0.00s             1           0  0.06s           2026-06-11T14:08:32                      12
================================================================================
[2026-06-11T14:09:32.466+0000] {manager.py:997} INFO - 
================================================================================
DAG File Processing Stats

File Path                               PID  Runtime      # DAGs    # Errors  Last Runtime    Last Run               Last # of DB Queries
------------------------------------  -----  ---------  --------  ----------  --------------  -------------------  ----------------------
/opt/airflow/dags/market)data_dag.py    504  0.00s             1           0  0.06s           2026-06-11T14:09:02                      12
================================================================================
[2026-06-11T14:10:02.586+0000] {manager.py:997} INFO - 
================================================================================
DAG File Processing Stats

File Path                               PID  Runtime      # DAGs    # Errors  Last Runtime    Last Run               Last # of DB Queries
------------------------------------  -----  ---------  --------  ----------  --------------  -------------------  ----------------------
/opt/airflow/dags/market)data_dag.py    509  0.00s             1           0  0.07s           2026-06-11T14:09:32                      12
================================================================================
[2026-06-11T14:10:27.701+0000] {manager.py:821} INFO - Searching for files in /opt/airflow/dags
[2026-06-11T14:10:27.702+0000] {manager.py:824} INFO - There are 1 files in /opt/airflow/dags
[2026-06-11T14:10:32.728+0000] {manager.py:997} INFO - 
================================================================================
DAG File Processing Stats

File Path                               PID  Runtime      # DAGs    # Errors  Last Runtime    Last Run               Last # of DB Queries
------------------------------------  -----  ---------  --------  ----------  --------------  -------------------  ----------------------
/opt/airflow/dags/market)data_dag.py    514  0.00s             1           0  0.07s           2026-06-11T14:10:02                      12
================================================================================
[2026-06-11T14:11:02.842+0000] {manager.py:997} INFO - 
================================================================================
DAG File Processing Stats

File Path                               PID  Runtime      # DAGs    # Errors  Last Runtime    Last Run               Last # of DB Queries
------------------------------------  -----  ---------  --------  ----------  --------------  -------------------  ----------------------
/opt/airflow/dags/market)data_dag.py    519  0.00s             1           0  0.06s           2026-06-11T14:10:32                      12
================================================================================
[2026-06-11T14:11:32.980+0000] {manager.py:997} INFO - 
================================================================================
DAG File Processing Stats

File Path                               PID  Runtime      # DAGs    # Errors  Last Runtime    Last Run               Last # of DB Queries
------------------------------------  -----  ---------  --------  ----------  --------------  -------------------  ----------------------
/opt/airflow/dags/market)data_dag.py    526  0.00s             1           0  0.07s           2026-06-11T14:11:02                      12
================================================================================
[2026-06-11T14:12:03.112+0000] {manager.py:997} INFO - 
================================================================================
DAG File Processing Stats

File Path                               PID  Runtime      # DAGs    # Errors  Last Runtime    Last Run               Last # of DB Queries
------------------------------------  -----  ---------  --------  ----------  --------------  -------------------  ----------------------
/opt/airflow/dags/market)data_dag.py    532  0.00s             1           0  0.07s           2026-06-11T14:11:33                      12
================================================================================
[2026-06-11T14:12:33.233+0000] {manager.py:997} INFO - 
================================================================================
DAG File Processing Stats

File Path                               PID  Runtime      # DAGs    # Errors  Last Runtime    Last Run               Last # of DB Queries
------------------------------------  -----  ---------  --------  ----------  --------------  -------------------  ----------------------
/opt/airflow/dags/market)data_dag.py    537  0.00s             1           0  0.07s           2026-06-11T14:12:03                      12
================================================================================
[2026-06-11T14:13:03.356+0000] {manager.py:997} INFO - 
================================================================================
DAG File Processing Stats

File Path                               PID  Runtime      # DAGs    # Errors  Last Runtime    Last Run               Last # of DB Queries
------------------------------------  -----  ---------  --------  ----------  --------------  -------------------  ----------------------
/opt/airflow/dags/market)data_dag.py    542  0.00s             1           0  0.07s           2026-06-11T14:12:33                      12
================================================================================
[2026-06-11T14:13:33.498+0000] {manager.py:997} INFO - 
================================================================================
DAG File Processing Stats

File Path                               PID  Runtime      # DAGs    # Errors  Last Runtime    Last Run               Last # of DB Queries
------------------------------------  -----  ---------  --------  ----------  --------------  -------------------  ----------------------
/opt/airflow/dags/market)data_dag.py    575  0.00s             1           0  0.07s           2026-06-11T14:13:03                      12
================================================================================
[2026-06-11T14:14:03.630+0000] {manager.py:997} INFO - 
================================================================================
DAG File Processing Stats

File Path                               PID  Runtime      # DAGs    # Errors  Last Runtime    Last Run               Last # of DB Queries
------------------------------------  -----  ---------  --------  ----------  --------------  -------------------  ----------------------
/opt/airflow/dags/market)data_dag.py    605  0.00s             1           0  0.07s           2026-06-11T14:13:33                      12
================================================================================
[2026-06-11T14:14:33.746+0000] {manager.py:997} INFO - 
================================================================================
DAG File Processing Stats

File Path                               PID  Runtime      # DAGs    # Errors  Last Runtime    Last Run               Last # of DB Queries
------------------------------------  -----  ---------  --------  ----------  --------------  -------------------  ----------------------
/opt/airflow/dags/market)data_dag.py    611  0.00s             1           0  0.06s           2026-06-11T14:14:03                      12
================================================================================
[2026-06-11T14:15:03.880+0000] {manager.py:997} INFO - 
================================================================================
DAG File Processing Stats

File Path                               PID  Runtime      # DAGs    # Errors  Last Runtime    Last Run               Last # of DB Queries
------------------------------------  -----  ---------  --------  ----------  --------------  -------------------  ----------------------
/opt/airflow/dags/market)data_dag.py    616  0.00s             1           0  0.07s           2026-06-11T14:14:33                      12
================================================================================
[2026-06-11T14:15:27.984+0000] {manager.py:821} INFO - Searching for files in /opt/airflow/dags
[2026-06-11T14:15:27.985+0000] {manager.py:824} INFO - There are 1 files in /opt/airflow/dags
[2026-06-11T14:15:34.018+0000] {manager.py:997} INFO - 
================================================================================
DAG File Processing Stats

File Path                               PID  Runtime      # DAGs    # Errors  Last Runtime    Last Run               Last # of DB Queries
------------------------------------  -----  ---------  --------  ----------  --------------  -------------------  ----------------------
/opt/airflow/dags/market)data_dag.py    621  0.00s             1           0  0.07s           2026-06-11T14:15:03                      12
================================================================================
[2026-06-11T14:16:04.150+0000] {manager.py:997} INFO - 
================================================================================
DAG File Processing Stats

File Path                               PID  Runtime      # DAGs    # Errors  Last Runtime    Last Run               Last # of DB Queries
------------------------------------  -----  ---------  --------  ----------  --------------  -------------------  ----------------------
/opt/airflow/dags/market)data_dag.py    626  0.00s             1           0  0.07s           2026-06-11T14:15:34                      12
================================================================================
[2026-06-11T14:16:34.272+0000] {manager.py:997} INFO - 
================================================================================
DAG File Processing Stats

File Path                               PID  Runtime      # DAGs    # Errors  Last Runtime    Last Run               Last # of DB Queries
------------------------------------  -----  ---------  --------  ----------  --------------  -------------------  ----------------------
/opt/airflow/dags/market)data_dag.py    631  0.00s             1           0  0.06s           2026-06-11T14:16:04                      12
================================================================================
[2026-06-11T14:17:04.408+0000] {manager.py:997} INFO - 
================================================================================
DAG File Processing Stats

File Path                               PID  Runtime      # DAGs    # Errors  Last Runtime    Last Run               Last # of DB Queries
------------------------------------  -----  ---------  --------  ----------  --------------  -------------------  ----------------------
/opt/airflow/dags/market)data_dag.py    636  0.00s             1           0  0.07s           2026-06-11T14:16:34                      12
================================================================================
[2026-06-11T14:17:34.539+0000] {manager.py:997} INFO - 
================================================================================
DAG File Processing Stats

File Path                               PID  Runtime      # DAGs    # Errors  Last Runtime    Last Run               Last # of DB Queries
------------------------------------  -----  ---------  --------  ----------  --------------  -------------------  ----------------------
/opt/airflow/dags/market)data_dag.py    641  0.00s             1           0  0.06s           2026-06-11T14:17:04                      12
================================================================================
[2026-06-11T14:18:04.667+0000] {manager.py:997} INFO - 
================================================================================
DAG File Processing Stats

File Path                               PID  Runtime      # DAGs    # Errors  Last Runtime    Last Run               Last # of DB Queries
------------------------------------  -----  ---------  --------  ----------  --------------  -------------------  ----------------------
/opt/airflow/dags/market)data_dag.py    646  0.00s             1           0  0.06s           2026-06-11T14:17:34                      12
================================================================================
[2026-06-11T14:18:36.617+0000] {manager.py:483} INFO - Processing files using up to 2 processes at a time 
[2026-06-11T14:18:36.618+0000] {manager.py:484} INFO - Process each file at most once every 30 seconds
[2026-06-11T14:18:36.618+0000] {manager.py:485} INFO - Checking for new files in /opt/airflow/dags every 300 seconds
[2026-06-11T14:18:36.618+0000] {manager.py:821} INFO - Searching for files in /opt/airflow/dags
[2026-06-11T14:18:36.619+0000] {manager.py:824} INFO - There are 1 files in /opt/airflow/dags
[2026-06-11T14:18:36.654+0000] {manager.py:997} INFO - 
================================================================================
DAG File Processing Stats

File Path                               PID  Runtime      # DAGs    # Errors  Last Runtime    Last Run      Last # of DB Queries
------------------------------------  -----  ---------  --------  ----------  --------------  ----------  ----------------------
/opt/airflow/dags/market)data_dag.py    240  0.01s             0           0                                                   0
================================================================================
[2026-06-11T14:19:06.762+0000] {manager.py:997} INFO - 
================================================================================
DAG File Processing Stats

File Path                             PID    Runtime      # DAGs    # Errors  Last Runtime    Last Run               Last # of DB Queries
------------------------------------  -----  ---------  --------  ----------  --------------  -------------------  ----------------------
/opt/airflow/dags/market)data_dag.py                           1           0  0.15s           2026-06-11T14:18:36                      45
================================================================================
[2026-06-11T14:19:36.988+0000] {manager.py:997} INFO - 
================================================================================
DAG File Processing Stats

File Path                               PID  Runtime      # DAGs    # Errors  Last Runtime    Last Run               Last # of DB Queries
------------------------------------  -----  ---------  --------  ----------  --------------  -------------------  ----------------------
/opt/airflow/dags/market)data_dag.py    284  0.00s             1           0  0.07s           2026-06-11T14:19:06                      12
================================================================================
[2026-06-11T14:20:14.992+0000] {manager.py:483} INFO - Processing files using up to 2 processes at a time 
[2026-06-11T14:20:14.993+0000] {manager.py:484} INFO - Process each file at most once every 30 seconds
[2026-06-11T14:20:14.993+0000] {manager.py:485} INFO - Checking for new files in /opt/airflow/dags every 300 seconds
[2026-06-11T14:20:14.993+0000] {manager.py:821} INFO - Searching for files in /opt/airflow/dags
[2026-06-11T14:20:14.994+0000] {manager.py:824} INFO - There are 1 files in /opt/airflow/dags
[2026-06-11T14:20:15.027+0000] {manager.py:997} INFO - 
================================================================================
DAG File Processing Stats

File Path                               PID  Runtime      # DAGs    # Errors  Last Runtime    Last Run      Last # of DB Queries
------------------------------------  -----  ---------  --------  ----------  --------------  ----------  ----------------------
/opt/airflow/dags/market)data_dag.py    241  0.01s             0           0                                                   0
================================================================================
[2026-06-11T14:20:45.142+0000] {manager.py:997} INFO - 
================================================================================
DAG File Processing Stats

File Path                             PID    Runtime      # DAGs    # Errors  Last Runtime    Last Run               Last # of DB Queries
------------------------------------  -----  ---------  --------  ----------  --------------  -------------------  ----------------------
/opt/airflow/dags/market)data_dag.py                           1           0  0.15s           2026-06-11T14:20:15                      45
================================================================================
[2026-06-11T14:21:15.371+0000] {manager.py:997} INFO - 
================================================================================
DAG File Processing Stats

File Path                               PID  Runtime      # DAGs    # Errors  Last Runtime    Last Run               Last # of DB Queries
------------------------------------  -----  ---------  --------  ----------  --------------  -------------------  ----------------------
/opt/airflow/dags/market)data_dag.py    284  0.00s             1           0  0.07s           2026-06-11T14:20:45                      12
================================================================================
[2026-06-11T14:21:54.999+0000] {manager.py:483} INFO - Processing files using up to 2 processes at a time 
[2026-06-11T14:21:55.000+0000] {manager.py:484} INFO - Process each file at most once every 30 seconds
[2026-06-11T14:21:55.000+0000] {manager.py:485} INFO - Checking for new files in /opt/airflow/dags every 300 seconds
[2026-06-11T14:21:55.000+0000] {manager.py:821} INFO - Searching for files in /opt/airflow/dags
[2026-06-11T14:21:55.001+0000] {manager.py:824} INFO - There are 1 files in /opt/airflow/dags
[2026-06-11T14:21:55.033+0000] {manager.py:997} INFO - 
================================================================================
DAG File Processing Stats

File Path                               PID  Runtime      # DAGs    # Errors  Last Runtime    Last Run      Last # of DB Queries
------------------------------------  -----  ---------  --------  ----------  --------------  ----------  ----------------------
/opt/airflow/dags/market)data_dag.py    245  0.01s             0           0                                                   0
================================================================================
[2026-06-11T14:23:09.238+0000] {manager.py:483} INFO - Processing files using up to 2 processes at a time 
[2026-06-11T14:23:09.239+0000] {manager.py:484} INFO - Process each file at most once every 30 seconds
[2026-06-11T14:23:09.239+0000] {manager.py:485} INFO - Checking for new files in /opt/airflow/dags every 300 seconds
[2026-06-11T14:23:09.239+0000] {manager.py:821} INFO - Searching for files in /opt/airflow/dags
[2026-06-11T14:23:09.240+0000] {manager.py:824} INFO - There are 1 files in /opt/airflow/dags
[2026-06-11T14:23:09.275+0000] {manager.py:997} INFO - 
================================================================================
DAG File Processing Stats

File Path                               PID  Runtime      # DAGs    # Errors  Last Runtime    Last Run      Last # of DB Queries
------------------------------------  -----  ---------  --------  ----------  --------------  ----------  ----------------------
/opt/airflow/dags/market)data_dag.py    245  0.01s             0           0                                                   0
================================================================================
[2026-06-11T14:23:39.376+0000] {manager.py:997} INFO - 
================================================================================
DAG File Processing Stats

File Path                             PID    Runtime      # DAGs    # Errors  Last Runtime    Last Run               Last # of DB Queries
------------------------------------  -----  ---------  --------  ----------  --------------  -------------------  ----------------------
/opt/airflow/dags/market)data_dag.py                           1           0  0.15s           2026-06-11T14:23:09                      45
================================================================================
[2026-06-11T14:24:09.598+0000] {manager.py:997} INFO - 
================================================================================
DAG File Processing Stats

File Path                               PID  Runtime      # DAGs    # Errors  Last Runtime    Last Run               Last # of DB Queries
------------------------------------  -----  ---------  --------  ----------  --------------  -------------------  ----------------------
/opt/airflow/dags/market)data_dag.py    289  0.00s             1           0  0.07s           2026-06-11T14:23:39                      12
================================================================================
[2026-06-11T14:24:39.747+0000] {manager.py:997} INFO - 
================================================================================
DAG File Processing Stats

File Path                               PID  Runtime      # DAGs    # Errors  Last Runtime    Last Run               Last # of DB Queries
------------------------------------  -----  ---------  --------  ----------  --------------  -------------------  ----------------------
/opt/airflow/dags/market)data_dag.py    294  0.00s             1           0  0.07s           2026-06-11T14:24:09                      12
================================================================================
[2026-06-11T14:25:09.862+0000] {manager.py:997} INFO - 
================================================================================
DAG File Processing Stats

File Path                               PID  Runtime      # DAGs    # Errors  Last Runtime    Last Run               Last # of DB Queries
------------------------------------  -----  ---------  --------  ----------  --------------  -------------------  ----------------------
/opt/airflow/dags/market)data_dag.py    299  0.00s             1           0  0.07s           2026-06-11T14:24:39                      12
================================================================================
[2026-06-11T14:25:52.777+0000] {manager.py:483} INFO - Processing files using up to 2 processes at a time 
[2026-06-11T14:25:52.778+0000] {manager.py:484} INFO - Process each file at most once every 30 seconds
[2026-06-11T14:25:52.778+0000] {manager.py:485} INFO - Checking for new files in /opt/airflow/dags every 300 seconds
[2026-06-11T14:25:52.778+0000] {manager.py:821} INFO - Searching for files in /opt/airflow/dags
[2026-06-11T14:25:52.779+0000] {manager.py:824} INFO - There are 1 files in /opt/airflow/dags
[2026-06-11T14:25:52.813+0000] {manager.py:997} INFO - 
================================================================================
DAG File Processing Stats

File Path                               PID  Runtime      # DAGs    # Errors  Last Runtime    Last Run      Last # of DB Queries
------------------------------------  -----  ---------  --------  ----------  --------------  ----------  ----------------------
/opt/airflow/dags/market)data_dag.py    231  0.01s             0           0                                                   0
================================================================================
[2026-06-11T14:26:22.932+0000] {manager.py:997} INFO - 
================================================================================
DAG File Processing Stats

File Path                               PID  Runtime      # DAGs    # Errors  Last Runtime    Last Run               Last # of DB Queries
------------------------------------  -----  ---------  --------  ----------  --------------  -------------------  ----------------------
/opt/airflow/dags/market)data_dag.py    269  0.00s             1           0  0.07s           2026-06-11T14:25:52                      12
================================================================================
[2026-06-11T14:26:53.070+0000] {manager.py:997} INFO - 
================================================================================
DAG File Processing Stats

File Path                               PID  Runtime      # DAGs    # Errors  Last Runtime    Last Run               Last # of DB Queries
------------------------------------  -----  ---------  --------  ----------  --------------  -------------------  ----------------------
/opt/airflow/dags/market)data_dag.py    274  0.00s             1           0  0.07s           2026-06-11T14:26:23                      12
================================================================================
[2026-06-11T14:27:23.188+0000] {manager.py:997} INFO - 
================================================================================
DAG File Processing Stats

File Path                               PID  Runtime      # DAGs    # Errors  Last Runtime    Last Run               Last # of DB Queries
------------------------------------  -----  ---------  --------  ----------  --------------  -------------------  ----------------------
/opt/airflow/dags/market)data_dag.py    279  0.00s             1           0  0.07s           2026-06-11T14:26:53                      12
================================================================================
[2026-06-11T14:27:53.347+0000] {manager.py:997} INFO - 
================================================================================
DAG File Processing Stats

File Path                               PID  Runtime      # DAGs    # Errors  Last Runtime    Last Run               Last # of DB Queries
------------------------------------  -----  ---------  --------  ----------  --------------  -------------------  ----------------------
/opt/airflow/dags/market)data_dag.py    284  0.00s             1           0  0.08s           2026-06-11T14:27:23                      12
================================================================================
[2026-06-11T14:28:23.486+0000] {manager.py:997} INFO - 
================================================================================
DAG File Processing Stats

File Path                               PID  Runtime      # DAGs    # Errors  Last Runtime    Last Run               Last # of DB Queries
------------------------------------  -----  ---------  --------  ----------  --------------  -------------------  ----------------------
/opt/airflow/dags/market)data_dag.py    289  0.00s             1           0  0.07s           2026-06-11T14:27:53                      12
================================================================================
[2026-06-11T14:29:28.390+0000] {manager.py:483} INFO - Processing files using up to 2 processes at a time 
[2026-06-11T14:29:28.391+0000] {manager.py:484} INFO - Process each file at most once every 30 seconds
[2026-06-11T14:29:28.391+0000] {manager.py:485} INFO - Checking for new files in /opt/airflow/dags every 300 seconds
[2026-06-11T14:29:28.391+0000] {manager.py:821} INFO - Searching for files in /opt/airflow/dags
[2026-06-11T14:29:28.392+0000] {manager.py:824} INFO - There are 1 files in /opt/airflow/dags
[2026-06-11T14:29:28.427+0000] {manager.py:997} INFO - 
================================================================================
DAG File Processing Stats

File Path                               PID  Runtime      # DAGs    # Errors  Last Runtime    Last Run      Last # of DB Queries
------------------------------------  -----  ---------  --------  ----------  --------------  ----------  ----------------------
/opt/airflow/dags/market)data_dag.py    263  0.01s             0           0                                                   0
================================================================================
[2026-06-11T14:29:58.532+0000] {manager.py:997} INFO - 
================================================================================
DAG File Processing Stats

File Path                             PID    Runtime      # DAGs    # Errors  Last Runtime    Last Run               Last # of DB Queries
------------------------------------  -----  ---------  --------  ----------  --------------  -------------------  ----------------------
/opt/airflow/dags/market)data_dag.py                           1           0  0.14s           2026-06-11T14:29:28                      45
================================================================================
[2026-06-11T14:30:28.754+0000] {manager.py:997} INFO - 
================================================================================
DAG File Processing Stats

File Path                               PID  Runtime      # DAGs    # Errors  Last Runtime    Last Run               Last # of DB Queries
------------------------------------  -----  ---------  --------  ----------  --------------  -------------------  ----------------------
/opt/airflow/dags/market)data_dag.py    307  0.00s             1           0  0.08s           2026-06-11T14:29:58                      12
================================================================================
[2026-06-11T14:30:58.904+0000] {manager.py:997} INFO - 
================================================================================
DAG File Processing Stats

File Path                               PID  Runtime      # DAGs    # Errors  Last Runtime    Last Run               Last # of DB Queries
------------------------------------  -----  ---------  --------  ----------  --------------  -------------------  ----------------------
/opt/airflow/dags/market)data_dag.py    312  0.00s             1           0  0.07s           2026-06-11T14:30:28                      12
================================================================================
[2026-06-11T14:31:29.021+0000] {manager.py:997} INFO - 
================================================================================
DAG File Processing Stats

File Path                               PID  Runtime      # DAGs    # Errors  Last Runtime    Last Run               Last # of DB Queries
------------------------------------  -----  ---------  --------  ----------  --------------  -------------------  ----------------------
/opt/airflow/dags/market)data_dag.py    317  0.00s             1           0  0.07s           2026-06-11T14:30:58                      12
================================================================================
[2026-06-11T14:31:59.170+0000] {manager.py:997} INFO - 
================================================================================
DAG File Processing Stats

File Path                               PID  Runtime      # DAGs    # Errors  Last Runtime    Last Run               Last # of DB Queries
------------------------------------  -----  ---------  --------  ----------  --------------  -------------------  ----------------------
/opt/airflow/dags/market)data_dag.py    322  0.00s             1           0  0.07s           2026-06-11T14:31:29                      12
================================================================================
[2026-06-11T14:32:29.283+0000] {manager.py:997} INFO - 
================================================================================
DAG File Processing Stats

File Path                               PID  Runtime      # DAGs    # Errors  Last Runtime    Last Run               Last # of DB Queries
------------------------------------  -----  ---------  --------  ----------  --------------  -------------------  ----------------------
/opt/airflow/dags/market)data_dag.py    327  0.00s             1           0  0.06s           2026-06-11T14:31:59                      12
================================================================================
[2026-06-11T14:32:59.426+0000] {manager.py:997} INFO - 
================================================================================
DAG File Processing Stats

File Path                               PID  Runtime      # DAGs    # Errors  Last Runtime    Last Run               Last # of DB Queries
------------------------------------  -----  ---------  --------  ----------  --------------  -------------------  ----------------------
/opt/airflow/dags/market)data_dag.py    332  0.00s             1           0  0.07s           2026-06-11T14:32:29                      12
================================================================================
[2026-06-11T14:33:29.547+0000] {manager.py:997} INFO - 
================================================================================
DAG File Processing Stats

File Path                               PID  Runtime      # DAGs    # Errors  Last Runtime    Last Run               Last # of DB Queries
------------------------------------  -----  ---------  --------  ----------  --------------  -------------------  ----------------------
/opt/airflow/dags/market)data_dag.py    337  0.00s             1           0  0.07s           2026-06-11T14:32:59                      12
================================================================================
[2026-06-11T14:33:59.688+0000] {manager.py:997} INFO - 
================================================================================
DAG File Processing Stats

File Path                               PID  Runtime      # DAGs    # Errors  Last Runtime    Last Run               Last # of DB Queries
------------------------------------  -----  ---------  --------  ----------  --------------  -------------------  ----------------------
/opt/airflow/dags/market)data_dag.py    342  0.00s             1           0  0.06s           2026-06-11T14:33:29                      12
================================================================================
[2026-06-11T14:34:28.797+0000] {manager.py:821} INFO - Searching for files in /opt/airflow/dags
[2026-06-11T14:34:28.798+0000] {manager.py:824} INFO - There are 1 files in /opt/airflow/dags
[2026-06-11T14:34:29.812+0000] {manager.py:997} INFO - 
================================================================================
DAG File Processing Stats

File Path                               PID  Runtime      # DAGs    # Errors  Last Runtime    Last Run               Last # of DB Queries
------------------------------------  -----  ---------  --------  ----------  --------------  -------------------  ----------------------
/opt/airflow/dags/market)data_dag.py    347  0.00s             1           0  0.07s           2026-06-11T14:33:59                      12
================================================================================
[2026-06-11T14:35:03.826+0000] {manager.py:483} INFO - Processing files using up to 2 processes at a time 
[2026-06-11T14:35:03.827+0000] {manager.py:484} INFO - Process each file at most once every 30 seconds
[2026-06-11T14:35:03.827+0000] {manager.py:485} INFO - Checking for new files in /opt/airflow/dags every 300 seconds
[2026-06-11T14:35:03.828+0000] {manager.py:821} INFO - Searching for files in /opt/airflow/dags
[2026-06-11T14:35:03.828+0000] {manager.py:824} INFO - There are 1 files in /opt/airflow/dags
[2026-06-11T14:35:03.866+0000] {manager.py:997} INFO - 
================================================================================
DAG File Processing Stats

File Path                               PID  Runtime      # DAGs    # Errors  Last Runtime    Last Run      Last # of DB Queries
------------------------------------  -----  ---------  --------  ----------  --------------  ----------  ----------------------
/opt/airflow/dags/market)data_dag.py    263  0.01s             0           0                                                   0
================================================================================
[2026-06-11T14:35:33.965+0000] {manager.py:997} INFO - 
================================================================================
DAG File Processing Stats

File Path                             PID    Runtime      # DAGs    # Errors  Last Runtime    Last Run               Last # of DB Queries
------------------------------------  -----  ---------  --------  ----------  --------------  -------------------  ----------------------
/opt/airflow/dags/market)data_dag.py                           1           0  0.15s           2026-06-11T14:35:04                      45
================================================================================
[2026-06-11T14:36:04.219+0000] {manager.py:997} INFO - 
================================================================================
DAG File Processing Stats

File Path                               PID  Runtime      # DAGs    # Errors  Last Runtime    Last Run               Last # of DB Queries
------------------------------------  -----  ---------  --------  ----------  --------------  -------------------  ----------------------
/opt/airflow/dags/market)data_dag.py    306  0.00s             1           0  0.07s           2026-06-11T14:35:34                      12
================================================================================
[2026-06-11T14:36:34.359+0000] {manager.py:997} INFO - 
================================================================================
DAG File Processing Stats

File Path                               PID  Runtime      # DAGs    # Errors  Last Runtime    Last Run               Last # of DB Queries
------------------------------------  -----  ---------  --------  ----------  --------------  -------------------  ----------------------
/opt/airflow/dags/market)data_dag.py    311  0.00s             1           0  0.07s           2026-06-11T14:36:04                      12
================================================================================
[2026-06-11T14:37:04.477+0000] {manager.py:997} INFO - 
================================================================================
DAG File Processing Stats

File Path                               PID  Runtime      # DAGs    # Errors  Last Runtime    Last Run               Last # of DB Queries
------------------------------------  -----  ---------  --------  ----------  --------------  -------------------  ----------------------
/opt/airflow/dags/market)data_dag.py    316  0.00s             1           0  0.07s           2026-06-11T14:36:34                      12
================================================================================
[2026-06-11T14:37:34.615+0000] {manager.py:997} INFO - 
================================================================================
DAG File Processing Stats

File Path                               PID  Runtime      # DAGs    # Errors  Last Runtime    Last Run               Last # of DB Queries
------------------------------------  -----  ---------  --------  ----------  --------------  -------------------  ----------------------
/opt/airflow/dags/market)data_dag.py    321  0.00s             1           0  0.07s           2026-06-11T14:37:04                      12
================================================================================
[2026-06-11T14:38:04.758+0000] {manager.py:997} INFO - 
================================================================================
DAG File Processing Stats

File Path                               PID  Runtime      # DAGs    # Errors  Last Runtime    Last Run               Last # of DB Queries
------------------------------------  -----  ---------  --------  ----------  --------------  -------------------  ----------------------
/opt/airflow/dags/market)data_dag.py    326  0.00s             1           0  0.07s           2026-06-11T14:37:34                      12
================================================================================
[2026-06-11T14:38:34.888+0000] {manager.py:997} INFO - 
================================================================================
DAG File Processing Stats

File Path                               PID  Runtime      # DAGs    # Errors  Last Runtime    Last Run               Last # of DB Queries
------------------------------------  -----  ---------  --------  ----------  --------------  -------------------  ----------------------
/opt/airflow/dags/market)data_dag.py    331  0.00s             1           0  0.06s           2026-06-11T14:38:04                      12
================================================================================
[2026-06-11T14:39:05.001+0000] {manager.py:997} INFO - 
================================================================================
DAG File Processing Stats

File Path                               PID  Runtime      # DAGs    # Errors  Last Runtime    Last Run               Last # of DB Queries
------------------------------------  -----  ---------  --------  ----------  --------------  -------------------  ----------------------
/opt/airflow/dags/market)data_dag.py    336  0.00s             1           0  0.06s           2026-06-11T14:38:34                      12
================================================================================
[2026-06-11T14:39:35.138+0000] {manager.py:997} INFO - 
================================================================================
DAG File Processing Stats

File Path                               PID  Runtime      # DAGs    # Errors  Last Runtime    Last Run               Last # of DB Queries
------------------------------------  -----  ---------  --------  ----------  --------------  -------------------  ----------------------
/opt/airflow/dags/market)data_dag.py    341  0.00s             1           0  0.07s           2026-06-11T14:39:05                      12
================================================================================
[2026-06-11T14:40:04.253+0000] {manager.py:821} INFO - Searching for files in /opt/airflow/dags
[2026-06-11T14:40:04.256+0000] {manager.py:824} INFO - There are 1 files in /opt/airflow/dags
[2026-06-11T14:40:05.269+0000] {manager.py:997} INFO - 
================================================================================
DAG File Processing Stats

File Path                               PID  Runtime      # DAGs    # Errors  Last Runtime    Last Run               Last # of DB Queries
------------------------------------  -----  ---------  --------  ----------  --------------  -------------------  ----------------------
/opt/airflow/dags/market)data_dag.py    346  0.00s             1           0  0.06s           2026-06-11T14:39:35                      12
================================================================================
[2026-06-11T14:41:04.202+0000] {manager.py:483} INFO - Processing files using up to 2 processes at a time 
[2026-06-11T14:41:04.203+0000] {manager.py:484} INFO - Process each file at most once every 30 seconds
[2026-06-11T14:41:04.203+0000] {manager.py:485} INFO - Checking for new files in /opt/airflow/dags every 300 seconds
[2026-06-11T14:41:04.203+0000] {manager.py:821} INFO - Searching for files in /opt/airflow/dags
[2026-06-11T14:41:04.204+0000] {manager.py:824} INFO - There are 1 files in /opt/airflow/dags
[2026-06-11T14:41:04.237+0000] {manager.py:997} INFO - 
================================================================================
DAG File Processing Stats

File Path                               PID  Runtime      # DAGs    # Errors  Last Runtime    Last Run      Last # of DB Queries
------------------------------------  -----  ---------  --------  ----------  --------------  ----------  ----------------------
/opt/airflow/dags/market)data_dag.py    212  0.01s             0           0                                                   0
================================================================================
[2026-06-11T14:41:34.335+0000] {manager.py:997} INFO - 
================================================================================
DAG File Processing Stats

File Path                             PID    Runtime      # DAGs    # Errors  Last Runtime    Last Run               Last # of DB Queries
------------------------------------  -----  ---------  --------  ----------  --------------  -------------------  ----------------------
/opt/airflow/dags/market)data_dag.py                           1           0  0.15s           2026-06-11T14:41:04                      45
================================================================================
[2026-06-11T14:42:04.570+0000] {manager.py:997} INFO - 
================================================================================
DAG File Processing Stats

File Path                               PID  Runtime      # DAGs    # Errors  Last Runtime    Last Run               Last # of DB Queries
------------------------------------  -----  ---------  --------  ----------  --------------  -------------------  ----------------------
/opt/airflow/dags/market)data_dag.py    255  0.00s             1           0  0.07s           2026-06-11T14:41:34                      12
================================================================================
[2026-06-11T14:42:34.721+0000] {manager.py:997} INFO - 
================================================================================
DAG File Processing Stats

File Path                               PID  Runtime      # DAGs    # Errors  Last Runtime    Last Run               Last # of DB Queries
------------------------------------  -----  ---------  --------  ----------  --------------  -------------------  ----------------------
/opt/airflow/dags/market)data_dag.py    260  0.00s             1           0  0.07s           2026-06-11T14:42:04                      12
================================================================================
[2026-06-11T14:43:04.857+0000] {manager.py:997} INFO - 
================================================================================
DAG File Processing Stats

File Path                               PID  Runtime      # DAGs    # Errors  Last Runtime    Last Run               Last # of DB Queries
------------------------------------  -----  ---------  --------  ----------  --------------  -------------------  ----------------------
/opt/airflow/dags/market)data_dag.py    265  0.00s             1           0  0.07s           2026-06-11T14:42:34                      12
================================================================================
[2026-06-11T14:43:34.984+0000] {manager.py:997} INFO - 
================================================================================
DAG File Processing Stats

File Path                               PID  Runtime      # DAGs    # Errors  Last Runtime    Last Run               Last # of DB Queries
------------------------------------  -----  ---------  --------  ----------  --------------  -------------------  ----------------------
/opt/airflow/dags/market)data_dag.py    270  0.00s             1           0  0.06s           2026-06-11T14:43:04                      12
================================================================================
[2026-06-11T14:44:05.106+0000] {manager.py:997} INFO - 
================================================================================
DAG File Processing Stats

File Path                               PID  Runtime      # DAGs    # Errors  Last Runtime    Last Run               Last # of DB Queries
------------------------------------  -----  ---------  --------  ----------  --------------  -------------------  ----------------------
/opt/airflow/dags/market)data_dag.py    275  0.00s             1           0  0.06s           2026-06-11T14:43:35                      12
================================================================================
[2026-06-11T14:44:21.796+0000] {manager.py:465} INFO - Exiting gracefully upon receiving signal 15
[2026-06-11T14:44:46.314+0000] {manager.py:483} INFO - Processing files using up to 2 processes at a time 
[2026-06-11T14:44:46.315+0000] {manager.py:484} INFO - Process each file at most once every 30 seconds
[2026-06-11T14:44:46.315+0000] {manager.py:485} INFO - Checking for new files in /opt/airflow/dags every 300 seconds
[2026-06-11T14:44:46.315+0000] {manager.py:821} INFO - Searching for files in /opt/airflow/dags
[2026-06-11T14:44:46.316+0000] {manager.py:824} INFO - There are 1 files in /opt/airflow/dags
[2026-06-11T14:44:46.352+0000] {manager.py:997} INFO - 
================================================================================
DAG File Processing Stats

File Path                               PID  Runtime      # DAGs    # Errors  Last Runtime    Last Run      Last # of DB Queries
------------------------------------  -----  ---------  --------  ----------  --------------  ----------  ----------------------
/opt/airflow/dags/market)data_dag.py    226  0.01s             0           0                                                   0
================================================================================
[2026-06-11T14:45:16.461+0000] {manager.py:997} INFO - 
================================================================================
DAG File Processing Stats

File Path                             PID    Runtime      # DAGs    # Errors  Last Runtime    Last Run               Last # of DB Queries
------------------------------------  -----  ---------  --------  ----------  --------------  -------------------  ----------------------
/opt/airflow/dags/market)data_dag.py                           1           0  0.15s           2026-06-11T14:44:46                      45
================================================================================
[2026-06-11T14:45:46.692+0000] {manager.py:997} INFO - 
================================================================================
DAG File Processing Stats

File Path                               PID  Runtime      # DAGs    # Errors  Last Runtime    Last Run               Last # of DB Queries
------------------------------------  -----  ---------  --------  ----------  --------------  -------------------  ----------------------
/opt/airflow/dags/market)data_dag.py    269  0.00s             1           0  0.07s           2026-06-11T14:45:16                      12
================================================================================
[2026-06-11T14:46:16.830+0000] {manager.py:997} INFO - 
================================================================================
DAG File Processing Stats

File Path                               PID  Runtime      # DAGs    # Errors  Last Runtime    Last Run               Last # of DB Queries
------------------------------------  -----  ---------  --------  ----------  --------------  -------------------  ----------------------
/opt/airflow/dags/market)data_dag.py    307  0.00s             1           0  0.07s           2026-06-11T14:45:46                      12
================================================================================
[2026-06-11T14:46:46.970+0000] {manager.py:997} INFO - 
================================================================================
DAG File Processing Stats

File Path                               PID  Runtime      # DAGs    # Errors  Last Runtime    Last Run               Last # of DB Queries
------------------------------------  -----  ---------  --------  ----------  --------------  -------------------  ----------------------
/opt/airflow/dags/market)data_dag.py    312  0.00s             1           0  0.07s           2026-06-11T14:46:16                      12
================================================================================
[2026-06-11T14:47:17.122+0000] {manager.py:997} INFO - 
================================================================================
DAG File Processing Stats

File Path                               PID  Runtime      # DAGs    # Errors  Last Runtime    Last Run               Last # of DB Queries
------------------------------------  -----  ---------  --------  ----------  --------------  -------------------  ----------------------
/opt/airflow/dags/market)data_dag.py    317  0.00s             1           0  0.07s           2026-06-11T14:46:47                      12
================================================================================
[2026-06-11T14:47:47.248+0000] {manager.py:997} INFO - 
================================================================================
DAG File Processing Stats

File Path                               PID  Runtime      # DAGs    # Errors  Last Runtime    Last Run               Last # of DB Queries
------------------------------------  -----  ---------  --------  ----------  --------------  -------------------  ----------------------
/opt/airflow/dags/market)data_dag.py    322  0.00s             1           0  0.07s           2026-06-11T14:47:17                      12
================================================================================
[2026-06-11T14:48:17.409+0000] {manager.py:997} INFO - 
================================================================================
DAG File Processing Stats

File Path                               PID  Runtime      # DAGs    # Errors  Last Runtime    Last Run               Last # of DB Queries
------------------------------------  -----  ---------  --------  ----------  --------------  -------------------  ----------------------
/opt/airflow/dags/market)data_dag.py    327  0.00s             1           0  0.07s           2026-06-11T14:47:47                      12
================================================================================
[2026-06-11T14:48:47.537+0000] {manager.py:997} INFO - 
================================================================================
DAG File Processing Stats

File Path                               PID  Runtime      # DAGs    # Errors  Last Runtime    Last Run               Last # of DB Queries
------------------------------------  -----  ---------  --------  ----------  --------------  -------------------  ----------------------
/opt/airflow/dags/market)data_dag.py    332  0.00s             1           0  0.07s           2026-06-11T14:48:17                      12
================================================================================
[2026-06-11T14:49:17.665+0000] {manager.py:997} INFO - 
================================================================================
DAG File Processing Stats

File Path                               PID  Runtime      # DAGs    # Errors  Last Runtime    Last Run               Last # of DB Queries
------------------------------------  -----  ---------  --------  ----------  --------------  -------------------  ----------------------
/opt/airflow/dags/market)data_dag.py    337  0.00s             1           0  0.06s           2026-06-11T14:48:47                      12
================================================================================
[2026-06-11T14:49:46.784+0000] {manager.py:821} INFO - Searching for files in /opt/airflow/dags
[2026-06-11T14:49:46.785+0000] {manager.py:824} INFO - There are 1 files in /opt/airflow/dags
[2026-06-11T14:49:47.797+0000] {manager.py:997} INFO - 
================================================================================
DAG File Processing Stats

File Path                               PID  Runtime      # DAGs    # Errors  Last Runtime    Last Run               Last # of DB Queries
------------------------------------  -----  ---------  --------  ----------  --------------  -------------------  ----------------------
/opt/airflow/dags/market)data_dag.py    342  0.00s             1           0  0.06s           2026-06-11T14:49:17                      12
================================================================================
