[2026-06-11T13:07:30.230+0000] {processor.py:186} INFO - Started process (PID=231) to work on /opt/airflow/dags/market)data_dag.py
[2026-06-11T13:07:30.231+0000] {processor.py:914} INFO - Processing file /opt/airflow/dags/market)data_dag.py for tasks to queue
[2026-06-11T13:07:30.232+0000] {logging_mixin.py:190} INFO - [2026-06-11T13:07:30.232+0000] {dagbag.py:588} INFO - Filling up the DagBag from /opt/airflow/dags/market)data_dag.py
[2026-06-11T13:07:30.239+0000] {processor.py:925} INFO - DAG(s) 'market_data_pipeline' retrieved from /opt/airflow/dags/market)data_dag.py
[2026-06-11T13:07:30.317+0000] {logging_mixin.py:190} INFO - [2026-06-11T13:07:30.317+0000] {override.py:1912} INFO - Created Permission View: can delete on DAG:market_data_pipeline
[2026-06-11T13:07:30.323+0000] {logging_mixin.py:190} INFO - [2026-06-11T13:07:30.322+0000] {override.py:1912} INFO - Created Permission View: can read on DAG:market_data_pipeline
[2026-06-11T13:07:30.326+0000] {logging_mixin.py:190} INFO - [2026-06-11T13:07:30.325+0000] {override.py:1912} INFO - Created Permission View: can edit on DAG:market_data_pipeline
[2026-06-11T13:07:30.329+0000] {logging_mixin.py:190} INFO - [2026-06-11T13:07:30.329+0000] {override.py:1912} INFO - Created Permission View: can delete on DAG Run:market_data_pipeline
[2026-06-11T13:07:30.332+0000] {logging_mixin.py:190} INFO - [2026-06-11T13:07:30.332+0000] {override.py:1912} INFO - Created Permission View: can create on DAG Run:market_data_pipeline
[2026-06-11T13:07:30.335+0000] {logging_mixin.py:190} INFO - [2026-06-11T13:07:30.335+0000] {override.py:1912} INFO - Created Permission View: can read on DAG Run:market_data_pipeline
[2026-06-11T13:07:30.338+0000] {logging_mixin.py:190} INFO - [2026-06-11T13:07:30.338+0000] {override.py:1912} INFO - Created Permission View: menu access on DAG Run:market_data_pipeline
[2026-06-11T13:07:30.339+0000] {logging_mixin.py:190} INFO - [2026-06-11T13:07:30.339+0000] {dag.py:3239} INFO - Sync 1 DAGs
[2026-06-11T13:07:30.346+0000] {logging_mixin.py:190} INFO - [2026-06-11T13:07:30.346+0000] {dag.py:3262} INFO - Creating ORM DAG for market_data_pipeline
[2026-06-11T13:07:30.353+0000] {logging_mixin.py:190} INFO - [2026-06-11T13:07:30.353+0000] {dag.py:4180} INFO - Setting next_dagrun for market_data_pipeline to 2026-06-11 13:00:00+00:00, run_after=2026-06-11 13:05:00+00:00
[2026-06-11T13:07:30.363+0000] {processor.py:208} INFO - Processing /opt/airflow/dags/market)data_dag.py took 0.137 seconds
[2026-06-11T13:08:00.466+0000] {processor.py:186} INFO - Started process (PID=268) to work on /opt/airflow/dags/market)data_dag.py
[2026-06-11T13:08:00.467+0000] {processor.py:914} INFO - Processing file /opt/airflow/dags/market)data_dag.py for tasks to queue
[2026-06-11T13:08:00.469+0000] {logging_mixin.py:190} INFO - [2026-06-11T13:08:00.468+0000] {dagbag.py:588} INFO - Filling up the DagBag from /opt/airflow/dags/market)data_dag.py
[2026-06-11T13:08:00.475+0000] {processor.py:925} INFO - DAG(s) 'market_data_pipeline' retrieved from /opt/airflow/dags/market)data_dag.py
[2026-06-11T13:08:00.493+0000] {logging_mixin.py:190} INFO - [2026-06-11T13:08:00.493+0000] {dag.py:3239} INFO - Sync 1 DAGs
[2026-06-11T13:08:00.509+0000] {logging_mixin.py:190} INFO - [2026-06-11T13:08:00.509+0000] {dag.py:4180} INFO - Setting next_dagrun for market_data_pipeline to 2026-06-11 13:00:00+00:00, run_after=2026-06-11 13:05:00+00:00
[2026-06-11T13:08:00.520+0000] {processor.py:208} INFO - Processing /opt/airflow/dags/market)data_dag.py took 0.058 seconds
[2026-06-11T13:08:30.573+0000] {processor.py:186} INFO - Started process (PID=273) to work on /opt/airflow/dags/market)data_dag.py
[2026-06-11T13:08:30.574+0000] {processor.py:914} INFO - Processing file /opt/airflow/dags/market)data_dag.py for tasks to queue
[2026-06-11T13:08:30.576+0000] {logging_mixin.py:190} INFO - [2026-06-11T13:08:30.576+0000] {dagbag.py:588} INFO - Filling up the DagBag from /opt/airflow/dags/market)data_dag.py
[2026-06-11T13:08:30.582+0000] {processor.py:925} INFO - DAG(s) 'market_data_pipeline' retrieved from /opt/airflow/dags/market)data_dag.py
[2026-06-11T13:08:30.600+0000] {logging_mixin.py:190} INFO - [2026-06-11T13:08:30.600+0000] {dag.py:3239} INFO - Sync 1 DAGs
[2026-06-11T13:08:30.615+0000] {logging_mixin.py:190} INFO - [2026-06-11T13:08:30.615+0000] {dag.py:4180} INFO - Setting next_dagrun for market_data_pipeline to 2026-06-11 13:00:00+00:00, run_after=2026-06-11 13:05:00+00:00
[2026-06-11T13:08:30.627+0000] {processor.py:208} INFO - Processing /opt/airflow/dags/market)data_dag.py took 0.057 seconds
[2026-06-11T13:09:00.773+0000] {processor.py:186} INFO - Started process (PID=278) to work on /opt/airflow/dags/market)data_dag.py
[2026-06-11T13:09:00.774+0000] {processor.py:914} INFO - Processing file /opt/airflow/dags/market)data_dag.py for tasks to queue
[2026-06-11T13:09:00.777+0000] {logging_mixin.py:190} INFO - [2026-06-11T13:09:00.777+0000] {dagbag.py:588} INFO - Filling up the DagBag from /opt/airflow/dags/market)data_dag.py
[2026-06-11T13:09:00.782+0000] {processor.py:925} INFO - DAG(s) 'market_data_pipeline' retrieved from /opt/airflow/dags/market)data_dag.py
[2026-06-11T13:09:00.801+0000] {logging_mixin.py:190} INFO - [2026-06-11T13:09:00.801+0000] {dag.py:3239} INFO - Sync 1 DAGs
[2026-06-11T13:09:00.817+0000] {logging_mixin.py:190} INFO - [2026-06-11T13:09:00.817+0000] {dag.py:4180} INFO - Setting next_dagrun for market_data_pipeline to 2026-06-11 13:00:00+00:00, run_after=2026-06-11 13:05:00+00:00
[2026-06-11T13:09:00.827+0000] {processor.py:208} INFO - Processing /opt/airflow/dags/market)data_dag.py took 0.058 seconds
[2026-06-11T13:09:37.541+0000] {processor.py:186} INFO - Started process (PID=231) to work on /opt/airflow/dags/market)data_dag.py
[2026-06-11T13:09:37.542+0000] {processor.py:914} INFO - Processing file /opt/airflow/dags/market)data_dag.py for tasks to queue
[2026-06-11T13:09:37.543+0000] {logging_mixin.py:190} INFO - [2026-06-11T13:09:37.543+0000] {dagbag.py:588} INFO - Filling up the DagBag from /opt/airflow/dags/market)data_dag.py
[2026-06-11T13:09:37.549+0000] {processor.py:925} INFO - DAG(s) 'market_data_pipeline' retrieved from /opt/airflow/dags/market)data_dag.py
[2026-06-11T13:09:37.576+0000] {logging_mixin.py:190} INFO - [2026-06-11T13:09:37.576+0000] {dag.py:3239} INFO - Sync 1 DAGs
[2026-06-11T13:09:37.591+0000] {logging_mixin.py:190} INFO - [2026-06-11T13:09:37.591+0000] {dag.py:4180} INFO - Setting next_dagrun for market_data_pipeline to 2026-06-11 13:00:00+00:00, run_after=2026-06-11 13:05:00+00:00
[2026-06-11T13:09:37.604+0000] {processor.py:208} INFO - Processing /opt/airflow/dags/market)data_dag.py took 0.067 seconds
[2026-06-11T13:10:07.659+0000] {processor.py:186} INFO - Started process (PID=268) to work on /opt/airflow/dags/market)data_dag.py
[2026-06-11T13:10:07.660+0000] {processor.py:914} INFO - Processing file /opt/airflow/dags/market)data_dag.py for tasks to queue
[2026-06-11T13:10:07.662+0000] {logging_mixin.py:190} INFO - [2026-06-11T13:10:07.661+0000] {dagbag.py:588} INFO - Filling up the DagBag from /opt/airflow/dags/market)data_dag.py
[2026-06-11T13:10:07.668+0000] {processor.py:925} INFO - DAG(s) 'market_data_pipeline' retrieved from /opt/airflow/dags/market)data_dag.py
[2026-06-11T13:10:07.686+0000] {logging_mixin.py:190} INFO - [2026-06-11T13:10:07.685+0000] {dag.py:3239} INFO - Sync 1 DAGs
[2026-06-11T13:10:07.701+0000] {logging_mixin.py:190} INFO - [2026-06-11T13:10:07.701+0000] {dag.py:4180} INFO - Setting next_dagrun for market_data_pipeline to 2026-06-11 13:05:00+00:00, run_after=2026-06-11 13:10:00+00:00
[2026-06-11T13:10:07.712+0000] {processor.py:208} INFO - Processing /opt/airflow/dags/market)data_dag.py took 0.056 seconds
[2026-06-11T13:10:37.805+0000] {processor.py:186} INFO - Started process (PID=273) to work on /opt/airflow/dags/market)data_dag.py
[2026-06-11T13:10:37.805+0000] {processor.py:914} INFO - Processing file /opt/airflow/dags/market)data_dag.py for tasks to queue
[2026-06-11T13:10:37.806+0000] {logging_mixin.py:190} INFO - [2026-06-11T13:10:37.806+0000] {dagbag.py:588} INFO - Filling up the DagBag from /opt/airflow/dags/market)data_dag.py
[2026-06-11T13:10:37.813+0000] {processor.py:925} INFO - DAG(s) 'market_data_pipeline' retrieved from /opt/airflow/dags/market)data_dag.py
[2026-06-11T13:10:37.831+0000] {logging_mixin.py:190} INFO - [2026-06-11T13:10:37.831+0000] {dag.py:3239} INFO - Sync 1 DAGs
[2026-06-11T13:10:37.845+0000] {logging_mixin.py:190} INFO - [2026-06-11T13:10:37.845+0000] {dag.py:4180} INFO - Setting next_dagrun for market_data_pipeline to 2026-06-11 13:05:00+00:00, run_after=2026-06-11 13:10:00+00:00
[2026-06-11T13:10:37.856+0000] {processor.py:208} INFO - Processing /opt/airflow/dags/market)data_dag.py took 0.054 seconds
[2026-06-11T13:11:07.962+0000] {processor.py:186} INFO - Started process (PID=278) to work on /opt/airflow/dags/market)data_dag.py
[2026-06-11T13:11:07.963+0000] {processor.py:914} INFO - Processing file /opt/airflow/dags/market)data_dag.py for tasks to queue
[2026-06-11T13:11:07.966+0000] {logging_mixin.py:190} INFO - [2026-06-11T13:11:07.966+0000] {dagbag.py:588} INFO - Filling up the DagBag from /opt/airflow/dags/market)data_dag.py
[2026-06-11T13:11:07.972+0000] {processor.py:925} INFO - DAG(s) 'market_data_pipeline' retrieved from /opt/airflow/dags/market)data_dag.py
[2026-06-11T13:11:07.988+0000] {logging_mixin.py:190} INFO - [2026-06-11T13:11:07.988+0000] {dag.py:3239} INFO - Sync 1 DAGs
[2026-06-11T13:11:08.003+0000] {logging_mixin.py:190} INFO - [2026-06-11T13:11:08.003+0000] {dag.py:4180} INFO - Setting next_dagrun for market_data_pipeline to 2026-06-11 13:05:00+00:00, run_after=2026-06-11 13:10:00+00:00
[2026-06-11T13:11:08.014+0000] {processor.py:208} INFO - Processing /opt/airflow/dags/market)data_dag.py took 0.055 seconds
[2026-06-11T13:11:38.088+0000] {processor.py:186} INFO - Started process (PID=283) to work on /opt/airflow/dags/market)data_dag.py
[2026-06-11T13:11:38.089+0000] {processor.py:914} INFO - Processing file /opt/airflow/dags/market)data_dag.py for tasks to queue
[2026-06-11T13:11:38.090+0000] {logging_mixin.py:190} INFO - [2026-06-11T13:11:38.090+0000] {dagbag.py:588} INFO - Filling up the DagBag from /opt/airflow/dags/market)data_dag.py
[2026-06-11T13:11:38.096+0000] {processor.py:925} INFO - DAG(s) 'market_data_pipeline' retrieved from /opt/airflow/dags/market)data_dag.py
[2026-06-11T13:11:38.113+0000] {logging_mixin.py:190} INFO - [2026-06-11T13:11:38.113+0000] {dag.py:3239} INFO - Sync 1 DAGs
[2026-06-11T13:11:38.128+0000] {logging_mixin.py:190} INFO - [2026-06-11T13:11:38.128+0000] {dag.py:4180} INFO - Setting next_dagrun for market_data_pipeline to 2026-06-11 13:05:00+00:00, run_after=2026-06-11 13:10:00+00:00
[2026-06-11T13:11:38.138+0000] {processor.py:208} INFO - Processing /opt/airflow/dags/market)data_dag.py took 0.054 seconds
[2026-06-11T13:12:08.225+0000] {processor.py:186} INFO - Started process (PID=289) to work on /opt/airflow/dags/market)data_dag.py
[2026-06-11T13:12:08.226+0000] {processor.py:914} INFO - Processing file /opt/airflow/dags/market)data_dag.py for tasks to queue
[2026-06-11T13:12:08.227+0000] {logging_mixin.py:190} INFO - [2026-06-11T13:12:08.227+0000] {dagbag.py:588} INFO - Filling up the DagBag from /opt/airflow/dags/market)data_dag.py
[2026-06-11T13:12:08.234+0000] {processor.py:925} INFO - DAG(s) 'market_data_pipeline' retrieved from /opt/airflow/dags/market)data_dag.py
[2026-06-11T13:12:08.250+0000] {logging_mixin.py:190} INFO - [2026-06-11T13:12:08.250+0000] {dag.py:3239} INFO - Sync 1 DAGs
[2026-06-11T13:12:08.266+0000] {logging_mixin.py:190} INFO - [2026-06-11T13:12:08.266+0000] {dag.py:4180} INFO - Setting next_dagrun for market_data_pipeline to 2026-06-11 13:05:00+00:00, run_after=2026-06-11 13:10:00+00:00
[2026-06-11T13:12:08.277+0000] {processor.py:208} INFO - Processing /opt/airflow/dags/market)data_dag.py took 0.056 seconds
[2026-06-11T13:12:38.345+0000] {processor.py:186} INFO - Started process (PID=294) to work on /opt/airflow/dags/market)data_dag.py
[2026-06-11T13:12:38.346+0000] {processor.py:914} INFO - Processing file /opt/airflow/dags/market)data_dag.py for tasks to queue
[2026-06-11T13:12:38.347+0000] {logging_mixin.py:190} INFO - [2026-06-11T13:12:38.347+0000] {dagbag.py:588} INFO - Filling up the DagBag from /opt/airflow/dags/market)data_dag.py
[2026-06-11T13:12:38.353+0000] {processor.py:925} INFO - DAG(s) 'market_data_pipeline' retrieved from /opt/airflow/dags/market)data_dag.py
[2026-06-11T13:12:38.371+0000] {logging_mixin.py:190} INFO - [2026-06-11T13:12:38.371+0000] {dag.py:3239} INFO - Sync 1 DAGs
[2026-06-11T13:12:38.387+0000] {logging_mixin.py:190} INFO - [2026-06-11T13:12:38.387+0000] {dag.py:4180} INFO - Setting next_dagrun for market_data_pipeline to 2026-06-11 13:05:00+00:00, run_after=2026-06-11 13:10:00+00:00
[2026-06-11T13:12:38.397+0000] {processor.py:208} INFO - Processing /opt/airflow/dags/market)data_dag.py took 0.056 seconds
[2026-06-11T13:13:08.507+0000] {processor.py:186} INFO - Started process (PID=299) to work on /opt/airflow/dags/market)data_dag.py
[2026-06-11T13:13:08.508+0000] {processor.py:914} INFO - Processing file /opt/airflow/dags/market)data_dag.py for tasks to queue
[2026-06-11T13:13:08.510+0000] {logging_mixin.py:190} INFO - [2026-06-11T13:13:08.509+0000] {dagbag.py:588} INFO - Filling up the DagBag from /opt/airflow/dags/market)data_dag.py
[2026-06-11T13:13:08.516+0000] {processor.py:925} INFO - DAG(s) 'market_data_pipeline' retrieved from /opt/airflow/dags/market)data_dag.py
[2026-06-11T13:13:08.533+0000] {logging_mixin.py:190} INFO - [2026-06-11T13:13:08.533+0000] {dag.py:3239} INFO - Sync 1 DAGs
[2026-06-11T13:13:08.549+0000] {logging_mixin.py:190} INFO - [2026-06-11T13:13:08.549+0000] {dag.py:4180} INFO - Setting next_dagrun for market_data_pipeline to 2026-06-11 13:05:00+00:00, run_after=2026-06-11 13:10:00+00:00
[2026-06-11T13:13:08.559+0000] {processor.py:208} INFO - Processing /opt/airflow/dags/market)data_dag.py took 0.057 seconds
[2026-06-11T13:13:32.013+0000] {processor.py:186} INFO - Started process (PID=229) to work on /opt/airflow/dags/market)data_dag.py
[2026-06-11T13:13:32.051+0000] {processor.py:914} INFO - Processing file /opt/airflow/dags/market)data_dag.py for tasks to queue
[2026-06-11T13:13:32.052+0000] {logging_mixin.py:190} INFO - [2026-06-11T13:13:32.052+0000] {dagbag.py:588} INFO - Filling up the DagBag from /opt/airflow/dags/market)data_dag.py
[2026-06-11T13:13:32.059+0000] {processor.py:925} INFO - DAG(s) 'market_data_pipeline' retrieved from /opt/airflow/dags/market)data_dag.py
[2026-06-11T13:13:32.086+0000] {logging_mixin.py:190} INFO - [2026-06-11T13:13:32.086+0000] {dag.py:3239} INFO - Sync 1 DAGs
[2026-06-11T13:13:32.102+0000] {logging_mixin.py:190} INFO - [2026-06-11T13:13:32.102+0000] {dag.py:4180} INFO - Setting next_dagrun for market_data_pipeline to 2026-06-11 13:05:00+00:00, run_after=2026-06-11 13:10:00+00:00
[2026-06-11T13:13:32.247+0000] {processor.py:208} INFO - Processing /opt/airflow/dags/market)data_dag.py took 0.238 seconds
[2026-06-11T13:14:02.342+0000] {processor.py:186} INFO - Started process (PID=268) to work on /opt/airflow/dags/market)data_dag.py
[2026-06-11T13:14:02.343+0000] {processor.py:914} INFO - Processing file /opt/airflow/dags/market)data_dag.py for tasks to queue
[2026-06-11T13:14:02.344+0000] {logging_mixin.py:190} INFO - [2026-06-11T13:14:02.344+0000] {dagbag.py:588} INFO - Filling up the DagBag from /opt/airflow/dags/market)data_dag.py
[2026-06-11T13:14:02.351+0000] {processor.py:925} INFO - DAG(s) 'market_data_pipeline' retrieved from /opt/airflow/dags/market)data_dag.py
[2026-06-11T13:14:02.371+0000] {logging_mixin.py:190} INFO - [2026-06-11T13:14:02.371+0000] {dag.py:3239} INFO - Sync 1 DAGs
[2026-06-11T13:14:02.389+0000] {logging_mixin.py:190} INFO - [2026-06-11T13:14:02.388+0000] {dag.py:4180} INFO - Setting next_dagrun for market_data_pipeline to 2026-06-11 13:05:00+00:00, run_after=2026-06-11 13:10:00+00:00
[2026-06-11T13:14:02.400+0000] {processor.py:208} INFO - Processing /opt/airflow/dags/market)data_dag.py took 0.062 seconds
[2026-06-11T13:14:51.852+0000] {processor.py:186} INFO - Started process (PID=231) to work on /opt/airflow/dags/market)data_dag.py
[2026-06-11T13:14:51.852+0000] {processor.py:914} INFO - Processing file /opt/airflow/dags/market)data_dag.py for tasks to queue
[2026-06-11T13:14:51.854+0000] {logging_mixin.py:190} INFO - [2026-06-11T13:14:51.853+0000] {dagbag.py:588} INFO - Filling up the DagBag from /opt/airflow/dags/market)data_dag.py
[2026-06-11T13:14:51.860+0000] {processor.py:925} INFO - DAG(s) 'market_data_pipeline' retrieved from /opt/airflow/dags/market)data_dag.py
[2026-06-11T13:14:51.934+0000] {logging_mixin.py:190} INFO - [2026-06-11T13:14:51.934+0000] {override.py:1912} INFO - Created Permission View: can edit on DAG:market_data_pipeline
[2026-06-11T13:14:51.941+0000] {logging_mixin.py:190} INFO - [2026-06-11T13:14:51.940+0000] {override.py:1912} INFO - Created Permission View: can delete on DAG:market_data_pipeline
[2026-06-11T13:14:51.944+0000] {logging_mixin.py:190} INFO - [2026-06-11T13:14:51.944+0000] {override.py:1912} INFO - Created Permission View: can read on DAG:market_data_pipeline
[2026-06-11T13:14:51.948+0000] {logging_mixin.py:190} INFO - [2026-06-11T13:14:51.948+0000] {override.py:1912} INFO - Created Permission View: can create on DAG Run:market_data_pipeline
[2026-06-11T13:14:51.952+0000] {logging_mixin.py:190} INFO - [2026-06-11T13:14:51.952+0000] {override.py:1912} INFO - Created Permission View: menu access on DAG Run:market_data_pipeline
[2026-06-11T13:14:51.956+0000] {logging_mixin.py:190} INFO - [2026-06-11T13:14:51.955+0000] {override.py:1912} INFO - Created Permission View: can delete on DAG Run:market_data_pipeline
[2026-06-11T13:14:51.959+0000] {logging_mixin.py:190} INFO - [2026-06-11T13:14:51.959+0000] {override.py:1912} INFO - Created Permission View: can read on DAG Run:market_data_pipeline
[2026-06-11T13:14:51.960+0000] {logging_mixin.py:190} INFO - [2026-06-11T13:14:51.960+0000] {dag.py:3239} INFO - Sync 1 DAGs
[2026-06-11T13:14:51.967+0000] {logging_mixin.py:190} INFO - [2026-06-11T13:14:51.966+0000] {dag.py:3262} INFO - Creating ORM DAG for market_data_pipeline
[2026-06-11T13:14:51.974+0000] {logging_mixin.py:190} INFO - [2026-06-11T13:14:51.974+0000] {dag.py:4180} INFO - Setting next_dagrun for market_data_pipeline to 2026-06-11 13:05:00+00:00, run_after=2026-06-11 13:10:00+00:00
[2026-06-11T13:14:51.984+0000] {processor.py:208} INFO - Processing /opt/airflow/dags/market)data_dag.py took 0.136 seconds
[2026-06-11T13:15:22.087+0000] {processor.py:186} INFO - Started process (PID=268) to work on /opt/airflow/dags/market)data_dag.py
[2026-06-11T13:15:22.088+0000] {processor.py:914} INFO - Processing file /opt/airflow/dags/market)data_dag.py for tasks to queue
[2026-06-11T13:15:22.090+0000] {logging_mixin.py:190} INFO - [2026-06-11T13:15:22.090+0000] {dagbag.py:588} INFO - Filling up the DagBag from /opt/airflow/dags/market)data_dag.py
[2026-06-11T13:15:22.098+0000] {processor.py:925} INFO - DAG(s) 'market_data_pipeline' retrieved from /opt/airflow/dags/market)data_dag.py
[2026-06-11T13:15:22.121+0000] {logging_mixin.py:190} INFO - [2026-06-11T13:15:22.121+0000] {dag.py:3239} INFO - Sync 1 DAGs
[2026-06-11T13:15:22.140+0000] {logging_mixin.py:190} INFO - [2026-06-11T13:15:22.140+0000] {dag.py:4180} INFO - Setting next_dagrun for market_data_pipeline to 2026-06-11 13:10:00+00:00, run_after=2026-06-11 13:15:00+00:00
[2026-06-11T13:15:22.152+0000] {processor.py:208} INFO - Processing /opt/airflow/dags/market)data_dag.py took 0.071 seconds
[2026-06-11T13:15:52.189+0000] {processor.py:186} INFO - Started process (PID=273) to work on /opt/airflow/dags/market)data_dag.py
[2026-06-11T13:15:52.191+0000] {processor.py:914} INFO - Processing file /opt/airflow/dags/market)data_dag.py for tasks to queue
[2026-06-11T13:15:52.193+0000] {logging_mixin.py:190} INFO - [2026-06-11T13:15:52.193+0000] {dagbag.py:588} INFO - Filling up the DagBag from /opt/airflow/dags/market)data_dag.py
[2026-06-11T13:15:52.203+0000] {processor.py:925} INFO - DAG(s) 'market_data_pipeline' retrieved from /opt/airflow/dags/market)data_dag.py
[2026-06-11T13:15:52.223+0000] {logging_mixin.py:190} INFO - [2026-06-11T13:15:52.222+0000] {dag.py:3239} INFO - Sync 1 DAGs
[2026-06-11T13:15:52.238+0000] {logging_mixin.py:190} INFO - [2026-06-11T13:15:52.238+0000] {dag.py:4180} INFO - Setting next_dagrun for market_data_pipeline to 2026-06-11 13:10:00+00:00, run_after=2026-06-11 13:15:00+00:00
[2026-06-11T13:15:52.248+0000] {processor.py:208} INFO - Processing /opt/airflow/dags/market)data_dag.py took 0.064 seconds
[2026-06-11T13:16:15.992+0000] {processor.py:186} INFO - Started process (PID=231) to work on /opt/airflow/dags/market)data_dag.py
[2026-06-11T13:16:15.993+0000] {processor.py:914} INFO - Processing file /opt/airflow/dags/market)data_dag.py for tasks to queue
[2026-06-11T13:16:15.994+0000] {logging_mixin.py:190} INFO - [2026-06-11T13:16:15.994+0000] {dagbag.py:588} INFO - Filling up the DagBag from /opt/airflow/dags/market)data_dag.py
[2026-06-11T13:16:16.000+0000] {processor.py:925} INFO - DAG(s) 'market_data_pipeline' retrieved from /opt/airflow/dags/market)data_dag.py
[2026-06-11T13:16:16.074+0000] {logging_mixin.py:190} INFO - [2026-06-11T13:16:16.074+0000] {override.py:1912} INFO - Created Permission View: can read on DAG:market_data_pipeline
[2026-06-11T13:16:16.080+0000] {logging_mixin.py:190} INFO - [2026-06-11T13:16:16.080+0000] {override.py:1912} INFO - Created Permission View: can edit on DAG:market_data_pipeline
[2026-06-11T13:16:16.083+0000] {logging_mixin.py:190} INFO - [2026-06-11T13:16:16.083+0000] {override.py:1912} INFO - Created Permission View: can delete on DAG:market_data_pipeline
[2026-06-11T13:16:16.086+0000] {logging_mixin.py:190} INFO - [2026-06-11T13:16:16.086+0000] {override.py:1912} INFO - Created Permission View: can create on DAG Run:market_data_pipeline
[2026-06-11T13:16:16.089+0000] {logging_mixin.py:190} INFO - [2026-06-11T13:16:16.089+0000] {override.py:1912} INFO - Created Permission View: menu access on DAG Run:market_data_pipeline
[2026-06-11T13:16:16.092+0000] {logging_mixin.py:190} INFO - [2026-06-11T13:16:16.092+0000] {override.py:1912} INFO - Created Permission View: can read on DAG Run:market_data_pipeline
[2026-06-11T13:16:16.096+0000] {logging_mixin.py:190} INFO - [2026-06-11T13:16:16.096+0000] {override.py:1912} INFO - Created Permission View: can delete on DAG Run:market_data_pipeline
[2026-06-11T13:16:16.096+0000] {logging_mixin.py:190} INFO - [2026-06-11T13:16:16.096+0000] {dag.py:3239} INFO - Sync 1 DAGs
[2026-06-11T13:16:16.103+0000] {logging_mixin.py:190} INFO - [2026-06-11T13:16:16.103+0000] {dag.py:3262} INFO - Creating ORM DAG for market_data_pipeline
[2026-06-11T13:16:16.111+0000] {logging_mixin.py:190} INFO - [2026-06-11T13:16:16.111+0000] {dag.py:4180} INFO - Setting next_dagrun for market_data_pipeline to 2026-06-11 13:10:00+00:00, run_after=2026-06-11 13:15:00+00:00
[2026-06-11T13:16:16.121+0000] {processor.py:208} INFO - Processing /opt/airflow/dags/market)data_dag.py took 0.132 seconds
[2026-06-11T13:16:46.219+0000] {processor.py:186} INFO - Started process (PID=268) to work on /opt/airflow/dags/market)data_dag.py
[2026-06-11T13:16:46.220+0000] {processor.py:914} INFO - Processing file /opt/airflow/dags/market)data_dag.py for tasks to queue
[2026-06-11T13:16:46.222+0000] {logging_mixin.py:190} INFO - [2026-06-11T13:16:46.221+0000] {dagbag.py:588} INFO - Filling up the DagBag from /opt/airflow/dags/market)data_dag.py
[2026-06-11T13:16:46.228+0000] {processor.py:925} INFO - DAG(s) 'market_data_pipeline' retrieved from /opt/airflow/dags/market)data_dag.py
[2026-06-11T13:16:46.247+0000] {logging_mixin.py:190} INFO - [2026-06-11T13:16:46.247+0000] {dag.py:3239} INFO - Sync 1 DAGs
[2026-06-11T13:16:46.264+0000] {logging_mixin.py:190} INFO - [2026-06-11T13:16:46.264+0000] {dag.py:4180} INFO - Setting next_dagrun for market_data_pipeline to 2026-06-11 13:10:00+00:00, run_after=2026-06-11 13:15:00+00:00
[2026-06-11T13:16:46.307+0000] {processor.py:208} INFO - Processing /opt/airflow/dags/market)data_dag.py took 0.092 seconds
[2026-06-11T13:17:16.385+0000] {processor.py:186} INFO - Started process (PID=302) to work on /opt/airflow/dags/market)data_dag.py
[2026-06-11T13:17:16.386+0000] {processor.py:914} INFO - Processing file /opt/airflow/dags/market)data_dag.py for tasks to queue
[2026-06-11T13:17:16.388+0000] {logging_mixin.py:190} INFO - [2026-06-11T13:17:16.388+0000] {dagbag.py:588} INFO - Filling up the DagBag from /opt/airflow/dags/market)data_dag.py
[2026-06-11T13:17:16.394+0000] {processor.py:925} INFO - DAG(s) 'market_data_pipeline' retrieved from /opt/airflow/dags/market)data_dag.py
[2026-06-11T13:17:16.416+0000] {logging_mixin.py:190} INFO - [2026-06-11T13:17:16.415+0000] {dag.py:3239} INFO - Sync 1 DAGs
[2026-06-11T13:17:16.430+0000] {logging_mixin.py:190} INFO - [2026-06-11T13:17:16.430+0000] {dag.py:4180} INFO - Setting next_dagrun for market_data_pipeline to 2026-06-11 13:10:00+00:00, run_after=2026-06-11 13:15:00+00:00
[2026-06-11T13:17:16.440+0000] {processor.py:208} INFO - Processing /opt/airflow/dags/market)data_dag.py took 0.059 seconds
[2026-06-11T13:17:46.531+0000] {processor.py:186} INFO - Started process (PID=307) to work on /opt/airflow/dags/market)data_dag.py
[2026-06-11T13:17:46.531+0000] {processor.py:914} INFO - Processing file /opt/airflow/dags/market)data_dag.py for tasks to queue
[2026-06-11T13:17:46.535+0000] {logging_mixin.py:190} INFO - [2026-06-11T13:17:46.534+0000] {dagbag.py:588} INFO - Filling up the DagBag from /opt/airflow/dags/market)data_dag.py
[2026-06-11T13:17:46.541+0000] {processor.py:925} INFO - DAG(s) 'market_data_pipeline' retrieved from /opt/airflow/dags/market)data_dag.py
[2026-06-11T13:17:46.557+0000] {logging_mixin.py:190} INFO - [2026-06-11T13:17:46.557+0000] {dag.py:3239} INFO - Sync 1 DAGs
[2026-06-11T13:17:46.572+0000] {logging_mixin.py:190} INFO - [2026-06-11T13:17:46.572+0000] {dag.py:4180} INFO - Setting next_dagrun for market_data_pipeline to 2026-06-11 13:10:00+00:00, run_after=2026-06-11 13:15:00+00:00
[2026-06-11T13:17:46.581+0000] {processor.py:208} INFO - Processing /opt/airflow/dags/market)data_dag.py took 0.054 seconds
[2026-06-11T13:18:16.672+0000] {processor.py:186} INFO - Started process (PID=357) to work on /opt/airflow/dags/market)data_dag.py
[2026-06-11T13:18:16.673+0000] {processor.py:914} INFO - Processing file /opt/airflow/dags/market)data_dag.py for tasks to queue
[2026-06-11T13:18:16.674+0000] {logging_mixin.py:190} INFO - [2026-06-11T13:18:16.674+0000] {dagbag.py:588} INFO - Filling up the DagBag from /opt/airflow/dags/market)data_dag.py
[2026-06-11T13:18:16.680+0000] {processor.py:925} INFO - DAG(s) 'market_data_pipeline' retrieved from /opt/airflow/dags/market)data_dag.py
[2026-06-11T13:18:16.698+0000] {logging_mixin.py:190} INFO - [2026-06-11T13:18:16.697+0000] {dag.py:3239} INFO - Sync 1 DAGs
[2026-06-11T13:18:16.713+0000] {logging_mixin.py:190} INFO - [2026-06-11T13:18:16.713+0000] {dag.py:4180} INFO - Setting next_dagrun for market_data_pipeline to 2026-06-11 13:10:00+00:00, run_after=2026-06-11 13:15:00+00:00
[2026-06-11T13:18:16.723+0000] {processor.py:208} INFO - Processing /opt/airflow/dags/market)data_dag.py took 0.056 seconds
[2026-06-11T13:18:45.129+0000] {processor.py:186} INFO - Started process (PID=231) to work on /opt/airflow/dags/market)data_dag.py
[2026-06-11T13:18:45.130+0000] {processor.py:914} INFO - Processing file /opt/airflow/dags/market)data_dag.py for tasks to queue
[2026-06-11T13:18:45.131+0000] {logging_mixin.py:190} INFO - [2026-06-11T13:18:45.131+0000] {dagbag.py:588} INFO - Filling up the DagBag from /opt/airflow/dags/market)data_dag.py
[2026-06-11T13:18:45.137+0000] {processor.py:925} INFO - DAG(s) 'market_data_pipeline' retrieved from /opt/airflow/dags/market)data_dag.py
[2026-06-11T13:18:45.209+0000] {logging_mixin.py:190} INFO - [2026-06-11T13:18:45.209+0000] {override.py:1912} INFO - Created Permission View: can delete on DAG:market_data_pipeline
[2026-06-11T13:18:45.214+0000] {logging_mixin.py:190} INFO - [2026-06-11T13:18:45.214+0000] {override.py:1912} INFO - Created Permission View: can read on DAG:market_data_pipeline
[2026-06-11T13:18:45.218+0000] {logging_mixin.py:190} INFO - [2026-06-11T13:18:45.218+0000] {override.py:1912} INFO - Created Permission View: can edit on DAG:market_data_pipeline
[2026-06-11T13:18:45.221+0000] {logging_mixin.py:190} INFO - [2026-06-11T13:18:45.221+0000] {override.py:1912} INFO - Created Permission View: can delete on DAG Run:market_data_pipeline
[2026-06-11T13:18:45.225+0000] {logging_mixin.py:190} INFO - [2026-06-11T13:18:45.224+0000] {override.py:1912} INFO - Created Permission View: can read on DAG Run:market_data_pipeline
[2026-06-11T13:18:45.228+0000] {logging_mixin.py:190} INFO - [2026-06-11T13:18:45.228+0000] {override.py:1912} INFO - Created Permission View: menu access on DAG Run:market_data_pipeline
[2026-06-11T13:18:45.231+0000] {logging_mixin.py:190} INFO - [2026-06-11T13:18:45.231+0000] {override.py:1912} INFO - Created Permission View: can create on DAG Run:market_data_pipeline
[2026-06-11T13:18:45.231+0000] {logging_mixin.py:190} INFO - [2026-06-11T13:18:45.231+0000] {dag.py:3239} INFO - Sync 1 DAGs
[2026-06-11T13:18:45.238+0000] {logging_mixin.py:190} INFO - [2026-06-11T13:18:45.238+0000] {dag.py:3262} INFO - Creating ORM DAG for market_data_pipeline
[2026-06-11T13:18:45.245+0000] {logging_mixin.py:190} INFO - [2026-06-11T13:18:45.245+0000] {dag.py:4180} INFO - Setting next_dagrun for market_data_pipeline to 2026-06-11 13:10:00+00:00, run_after=2026-06-11 13:15:00+00:00
[2026-06-11T13:18:45.254+0000] {processor.py:208} INFO - Processing /opt/airflow/dags/market)data_dag.py took 0.129 seconds
[2026-06-11T13:19:15.358+0000] {processor.py:186} INFO - Started process (PID=268) to work on /opt/airflow/dags/market)data_dag.py
[2026-06-11T13:19:15.359+0000] {processor.py:914} INFO - Processing file /opt/airflow/dags/market)data_dag.py for tasks to queue
[2026-06-11T13:19:15.360+0000] {logging_mixin.py:190} INFO - [2026-06-11T13:19:15.360+0000] {dagbag.py:588} INFO - Filling up the DagBag from /opt/airflow/dags/market)data_dag.py
[2026-06-11T13:19:15.366+0000] {processor.py:925} INFO - DAG(s) 'market_data_pipeline' retrieved from /opt/airflow/dags/market)data_dag.py
[2026-06-11T13:19:15.386+0000] {logging_mixin.py:190} INFO - [2026-06-11T13:19:15.385+0000] {dag.py:3239} INFO - Sync 1 DAGs
[2026-06-11T13:19:15.402+0000] {logging_mixin.py:190} INFO - [2026-06-11T13:19:15.402+0000] {dag.py:4180} INFO - Setting next_dagrun for market_data_pipeline to 2026-06-11 13:10:00+00:00, run_after=2026-06-11 13:15:00+00:00
[2026-06-11T13:19:15.413+0000] {processor.py:208} INFO - Processing /opt/airflow/dags/market)data_dag.py took 0.058 seconds
[2026-06-11T13:19:45.498+0000] {processor.py:186} INFO - Started process (PID=274) to work on /opt/airflow/dags/market)data_dag.py
[2026-06-11T13:19:45.499+0000] {processor.py:914} INFO - Processing file /opt/airflow/dags/market)data_dag.py for tasks to queue
[2026-06-11T13:19:45.501+0000] {logging_mixin.py:190} INFO - [2026-06-11T13:19:45.501+0000] {dagbag.py:588} INFO - Filling up the DagBag from /opt/airflow/dags/market)data_dag.py
[2026-06-11T13:19:45.507+0000] {processor.py:925} INFO - DAG(s) 'market_data_pipeline' retrieved from /opt/airflow/dags/market)data_dag.py
[2026-06-11T13:19:45.525+0000] {logging_mixin.py:190} INFO - [2026-06-11T13:19:45.525+0000] {dag.py:3239} INFO - Sync 1 DAGs
[2026-06-11T13:19:45.540+0000] {logging_mixin.py:190} INFO - [2026-06-11T13:19:45.540+0000] {dag.py:4180} INFO - Setting next_dagrun for market_data_pipeline to 2026-06-11 13:10:00+00:00, run_after=2026-06-11 13:15:00+00:00
[2026-06-11T13:19:45.550+0000] {processor.py:208} INFO - Processing /opt/airflow/dags/market)data_dag.py took 0.056 seconds
[2026-06-11T13:20:15.670+0000] {processor.py:186} INFO - Started process (PID=280) to work on /opt/airflow/dags/market)data_dag.py
[2026-06-11T13:20:15.670+0000] {processor.py:914} INFO - Processing file /opt/airflow/dags/market)data_dag.py for tasks to queue
[2026-06-11T13:20:15.674+0000] {logging_mixin.py:190} INFO - [2026-06-11T13:20:15.674+0000] {dagbag.py:588} INFO - Filling up the DagBag from /opt/airflow/dags/market)data_dag.py
[2026-06-11T13:20:15.681+0000] {processor.py:925} INFO - DAG(s) 'market_data_pipeline' retrieved from /opt/airflow/dags/market)data_dag.py
[2026-06-11T13:20:15.698+0000] {logging_mixin.py:190} INFO - [2026-06-11T13:20:15.698+0000] {dag.py:3239} INFO - Sync 1 DAGs
[2026-06-11T13:20:15.713+0000] {logging_mixin.py:190} INFO - [2026-06-11T13:20:15.713+0000] {dag.py:4180} INFO - Setting next_dagrun for market_data_pipeline to 2026-06-11 13:15:00+00:00, run_after=2026-06-11 13:20:00+00:00
[2026-06-11T13:20:15.724+0000] {processor.py:208} INFO - Processing /opt/airflow/dags/market)data_dag.py took 0.059 seconds
[2026-06-11T13:20:45.776+0000] {processor.py:186} INFO - Started process (PID=293) to work on /opt/airflow/dags/market)data_dag.py
[2026-06-11T13:20:45.777+0000] {processor.py:914} INFO - Processing file /opt/airflow/dags/market)data_dag.py for tasks to queue
[2026-06-11T13:20:45.778+0000] {logging_mixin.py:190} INFO - [2026-06-11T13:20:45.778+0000] {dagbag.py:588} INFO - Filling up the DagBag from /opt/airflow/dags/market)data_dag.py
[2026-06-11T13:20:45.784+0000] {processor.py:925} INFO - DAG(s) 'market_data_pipeline' retrieved from /opt/airflow/dags/market)data_dag.py
[2026-06-11T13:20:45.805+0000] {logging_mixin.py:190} INFO - [2026-06-11T13:20:45.804+0000] {dag.py:3239} INFO - Sync 1 DAGs
[2026-06-11T13:20:45.820+0000] {logging_mixin.py:190} INFO - [2026-06-11T13:20:45.820+0000] {dag.py:4180} INFO - Setting next_dagrun for market_data_pipeline to 2026-06-11 13:15:00+00:00, run_after=2026-06-11 13:20:00+00:00
[2026-06-11T13:20:45.829+0000] {processor.py:208} INFO - Processing /opt/airflow/dags/market)data_dag.py took 0.057 seconds
[2026-06-11T13:21:15.924+0000] {processor.py:186} INFO - Started process (PID=322) to work on /opt/airflow/dags/market)data_dag.py
[2026-06-11T13:21:15.925+0000] {processor.py:914} INFO - Processing file /opt/airflow/dags/market)data_dag.py for tasks to queue
[2026-06-11T13:21:15.926+0000] {logging_mixin.py:190} INFO - [2026-06-11T13:21:15.926+0000] {dagbag.py:588} INFO - Filling up the DagBag from /opt/airflow/dags/market)data_dag.py
[2026-06-11T13:21:15.932+0000] {processor.py:925} INFO - DAG(s) 'market_data_pipeline' retrieved from /opt/airflow/dags/market)data_dag.py
[2026-06-11T13:21:15.950+0000] {logging_mixin.py:190} INFO - [2026-06-11T13:21:15.950+0000] {dag.py:3239} INFO - Sync 1 DAGs
[2026-06-11T13:21:15.966+0000] {logging_mixin.py:190} INFO - [2026-06-11T13:21:15.966+0000] {dag.py:4180} INFO - Setting next_dagrun for market_data_pipeline to 2026-06-11 13:15:00+00:00, run_after=2026-06-11 13:20:00+00:00
[2026-06-11T13:21:15.977+0000] {processor.py:208} INFO - Processing /opt/airflow/dags/market)data_dag.py took 0.057 seconds
[2026-06-11T13:21:46.061+0000] {processor.py:186} INFO - Started process (PID=350) to work on /opt/airflow/dags/market)data_dag.py
[2026-06-11T13:21:46.062+0000] {processor.py:914} INFO - Processing file /opt/airflow/dags/market)data_dag.py for tasks to queue
[2026-06-11T13:21:46.063+0000] {logging_mixin.py:190} INFO - [2026-06-11T13:21:46.063+0000] {dagbag.py:588} INFO - Filling up the DagBag from /opt/airflow/dags/market)data_dag.py
[2026-06-11T13:21:46.069+0000] {processor.py:925} INFO - DAG(s) 'market_data_pipeline' retrieved from /opt/airflow/dags/market)data_dag.py
[2026-06-11T13:21:46.086+0000] {logging_mixin.py:190} INFO - [2026-06-11T13:21:46.086+0000] {dag.py:3239} INFO - Sync 1 DAGs
[2026-06-11T13:21:46.101+0000] {logging_mixin.py:190} INFO - [2026-06-11T13:21:46.101+0000] {dag.py:4180} INFO - Setting next_dagrun for market_data_pipeline to 2026-06-11 13:15:00+00:00, run_after=2026-06-11 13:20:00+00:00
[2026-06-11T13:21:46.110+0000] {processor.py:208} INFO - Processing /opt/airflow/dags/market)data_dag.py took 0.054 seconds
[2026-06-11T13:22:16.182+0000] {processor.py:186} INFO - Started process (PID=457) to work on /opt/airflow/dags/market)data_dag.py
[2026-06-11T13:22:16.182+0000] {processor.py:914} INFO - Processing file /opt/airflow/dags/market)data_dag.py for tasks to queue
[2026-06-11T13:22:16.184+0000] {logging_mixin.py:190} INFO - [2026-06-11T13:22:16.183+0000] {dagbag.py:588} INFO - Filling up the DagBag from /opt/airflow/dags/market)data_dag.py
[2026-06-11T13:22:16.189+0000] {processor.py:925} INFO - DAG(s) 'market_data_pipeline' retrieved from /opt/airflow/dags/market)data_dag.py
[2026-06-11T13:22:16.208+0000] {logging_mixin.py:190} INFO - [2026-06-11T13:22:16.207+0000] {dag.py:3239} INFO - Sync 1 DAGs
[2026-06-11T13:22:16.224+0000] {logging_mixin.py:190} INFO - [2026-06-11T13:22:16.224+0000] {dag.py:4180} INFO - Setting next_dagrun for market_data_pipeline to 2026-06-11 13:20:00+00:00, run_after=2026-06-11 13:25:00+00:00
[2026-06-11T13:22:16.235+0000] {processor.py:208} INFO - Processing /opt/airflow/dags/market)data_dag.py took 0.057 seconds
[2026-06-11T13:22:46.347+0000] {processor.py:186} INFO - Started process (PID=495) to work on /opt/airflow/dags/market)data_dag.py
[2026-06-11T13:22:46.348+0000] {processor.py:914} INFO - Processing file /opt/airflow/dags/market)data_dag.py for tasks to queue
[2026-06-11T13:22:46.349+0000] {logging_mixin.py:190} INFO - [2026-06-11T13:22:46.349+0000] {dagbag.py:588} INFO - Filling up the DagBag from /opt/airflow/dags/market)data_dag.py
[2026-06-11T13:22:46.355+0000] {processor.py:925} INFO - DAG(s) 'market_data_pipeline' retrieved from /opt/airflow/dags/market)data_dag.py
[2026-06-11T13:22:46.371+0000] {logging_mixin.py:190} INFO - [2026-06-11T13:22:46.371+0000] {dag.py:3239} INFO - Sync 1 DAGs
[2026-06-11T13:22:46.386+0000] {logging_mixin.py:190} INFO - [2026-06-11T13:22:46.386+0000] {dag.py:4180} INFO - Setting next_dagrun for market_data_pipeline to 2026-06-11 13:20:00+00:00, run_after=2026-06-11 13:25:00+00:00
[2026-06-11T13:22:46.396+0000] {processor.py:208} INFO - Processing /opt/airflow/dags/market)data_dag.py took 0.052 seconds
[2026-06-11T13:23:16.468+0000] {processor.py:186} INFO - Started process (PID=500) to work on /opt/airflow/dags/market)data_dag.py
[2026-06-11T13:23:16.469+0000] {processor.py:914} INFO - Processing file /opt/airflow/dags/market)data_dag.py for tasks to queue
[2026-06-11T13:23:16.470+0000] {logging_mixin.py:190} INFO - [2026-06-11T13:23:16.470+0000] {dagbag.py:588} INFO - Filling up the DagBag from /opt/airflow/dags/market)data_dag.py
[2026-06-11T13:23:16.477+0000] {processor.py:925} INFO - DAG(s) 'market_data_pipeline' retrieved from /opt/airflow/dags/market)data_dag.py
[2026-06-11T13:23:16.496+0000] {logging_mixin.py:190} INFO - [2026-06-11T13:23:16.495+0000] {dag.py:3239} INFO - Sync 1 DAGs
[2026-06-11T13:23:16.511+0000] {logging_mixin.py:190} INFO - [2026-06-11T13:23:16.511+0000] {dag.py:4180} INFO - Setting next_dagrun for market_data_pipeline to 2026-06-11 13:20:00+00:00, run_after=2026-06-11 13:25:00+00:00
[2026-06-11T13:23:16.522+0000] {processor.py:208} INFO - Processing /opt/airflow/dags/market)data_dag.py took 0.058 seconds
[2026-06-11T13:23:46.607+0000] {processor.py:186} INFO - Started process (PID=505) to work on /opt/airflow/dags/market)data_dag.py
[2026-06-11T13:23:46.608+0000] {processor.py:914} INFO - Processing file /opt/airflow/dags/market)data_dag.py for tasks to queue
[2026-06-11T13:23:46.610+0000] {logging_mixin.py:190} INFO - [2026-06-11T13:23:46.610+0000] {dagbag.py:588} INFO - Filling up the DagBag from /opt/airflow/dags/market)data_dag.py
[2026-06-11T13:23:46.616+0000] {processor.py:925} INFO - DAG(s) 'market_data_pipeline' retrieved from /opt/airflow/dags/market)data_dag.py
[2026-06-11T13:23:46.633+0000] {logging_mixin.py:190} INFO - [2026-06-11T13:23:46.633+0000] {dag.py:3239} INFO - Sync 1 DAGs
[2026-06-11T13:23:46.649+0000] {logging_mixin.py:190} INFO - [2026-06-11T13:23:46.649+0000] {dag.py:4180} INFO - Setting next_dagrun for market_data_pipeline to 2026-06-11 13:20:00+00:00, run_after=2026-06-11 13:25:00+00:00
[2026-06-11T13:23:46.659+0000] {processor.py:208} INFO - Processing /opt/airflow/dags/market)data_dag.py took 0.056 seconds
[2026-06-11T13:24:16.742+0000] {processor.py:186} INFO - Started process (PID=510) to work on /opt/airflow/dags/market)data_dag.py
[2026-06-11T13:24:16.742+0000] {processor.py:914} INFO - Processing file /opt/airflow/dags/market)data_dag.py for tasks to queue
[2026-06-11T13:24:16.744+0000] {logging_mixin.py:190} INFO - [2026-06-11T13:24:16.744+0000] {dagbag.py:588} INFO - Filling up the DagBag from /opt/airflow/dags/market)data_dag.py
[2026-06-11T13:24:16.749+0000] {processor.py:925} INFO - DAG(s) 'market_data_pipeline' retrieved from /opt/airflow/dags/market)data_dag.py
[2026-06-11T13:24:16.766+0000] {logging_mixin.py:190} INFO - [2026-06-11T13:24:16.766+0000] {dag.py:3239} INFO - Sync 1 DAGs
[2026-06-11T13:24:16.780+0000] {logging_mixin.py:190} INFO - [2026-06-11T13:24:16.780+0000] {dag.py:4180} INFO - Setting next_dagrun for market_data_pipeline to 2026-06-11 13:20:00+00:00, run_after=2026-06-11 13:25:00+00:00
[2026-06-11T13:24:16.791+0000] {processor.py:208} INFO - Processing /opt/airflow/dags/market)data_dag.py took 0.053 seconds
[2026-06-11T13:24:46.886+0000] {processor.py:186} INFO - Started process (PID=515) to work on /opt/airflow/dags/market)data_dag.py
[2026-06-11T13:24:46.887+0000] {processor.py:914} INFO - Processing file /opt/airflow/dags/market)data_dag.py for tasks to queue
[2026-06-11T13:24:46.888+0000] {logging_mixin.py:190} INFO - [2026-06-11T13:24:46.888+0000] {dagbag.py:588} INFO - Filling up the DagBag from /opt/airflow/dags/market)data_dag.py
[2026-06-11T13:24:46.894+0000] {processor.py:925} INFO - DAG(s) 'market_data_pipeline' retrieved from /opt/airflow/dags/market)data_dag.py
[2026-06-11T13:24:46.911+0000] {logging_mixin.py:190} INFO - [2026-06-11T13:24:46.911+0000] {dag.py:3239} INFO - Sync 1 DAGs
[2026-06-11T13:24:46.927+0000] {logging_mixin.py:190} INFO - [2026-06-11T13:24:46.927+0000] {dag.py:4180} INFO - Setting next_dagrun for market_data_pipeline to 2026-06-11 13:20:00+00:00, run_after=2026-06-11 13:25:00+00:00
[2026-06-11T13:24:46.937+0000] {processor.py:208} INFO - Processing /opt/airflow/dags/market)data_dag.py took 0.054 seconds
[2026-06-11T13:25:17.022+0000] {processor.py:186} INFO - Started process (PID=553) to work on /opt/airflow/dags/market)data_dag.py
[2026-06-11T13:25:17.023+0000] {processor.py:914} INFO - Processing file /opt/airflow/dags/market)data_dag.py for tasks to queue
[2026-06-11T13:25:17.024+0000] {logging_mixin.py:190} INFO - [2026-06-11T13:25:17.024+0000] {dagbag.py:588} INFO - Filling up the DagBag from /opt/airflow/dags/market)data_dag.py
[2026-06-11T13:25:17.030+0000] {processor.py:925} INFO - DAG(s) 'market_data_pipeline' retrieved from /opt/airflow/dags/market)data_dag.py
[2026-06-11T13:25:17.047+0000] {logging_mixin.py:190} INFO - [2026-06-11T13:25:17.047+0000] {dag.py:3239} INFO - Sync 1 DAGs
[2026-06-11T13:25:17.062+0000] {logging_mixin.py:190} INFO - [2026-06-11T13:25:17.062+0000] {dag.py:4180} INFO - Setting next_dagrun for market_data_pipeline to 2026-06-11 13:25:00+00:00, run_after=2026-06-11 13:30:00+00:00
[2026-06-11T13:25:17.071+0000] {processor.py:208} INFO - Processing /opt/airflow/dags/market)data_dag.py took 0.053 seconds
[2026-06-11T13:25:47.157+0000] {processor.py:186} INFO - Started process (PID=558) to work on /opt/airflow/dags/market)data_dag.py
[2026-06-11T13:25:47.158+0000] {processor.py:914} INFO - Processing file /opt/airflow/dags/market)data_dag.py for tasks to queue
[2026-06-11T13:25:47.159+0000] {logging_mixin.py:190} INFO - [2026-06-11T13:25:47.159+0000] {dagbag.py:588} INFO - Filling up the DagBag from /opt/airflow/dags/market)data_dag.py
[2026-06-11T13:25:47.165+0000] {processor.py:925} INFO - DAG(s) 'market_data_pipeline' retrieved from /opt/airflow/dags/market)data_dag.py
[2026-06-11T13:25:47.183+0000] {logging_mixin.py:190} INFO - [2026-06-11T13:25:47.183+0000] {dag.py:3239} INFO - Sync 1 DAGs
[2026-06-11T13:25:47.199+0000] {logging_mixin.py:190} INFO - [2026-06-11T13:25:47.198+0000] {dag.py:4180} INFO - Setting next_dagrun for market_data_pipeline to 2026-06-11 13:25:00+00:00, run_after=2026-06-11 13:30:00+00:00
[2026-06-11T13:25:47.208+0000] {processor.py:208} INFO - Processing /opt/airflow/dags/market)data_dag.py took 0.056 seconds
[2026-06-11T13:26:17.301+0000] {processor.py:186} INFO - Started process (PID=563) to work on /opt/airflow/dags/market)data_dag.py
[2026-06-11T13:26:17.302+0000] {processor.py:914} INFO - Processing file /opt/airflow/dags/market)data_dag.py for tasks to queue
[2026-06-11T13:26:17.303+0000] {logging_mixin.py:190} INFO - [2026-06-11T13:26:17.303+0000] {dagbag.py:588} INFO - Filling up the DagBag from /opt/airflow/dags/market)data_dag.py
[2026-06-11T13:26:17.309+0000] {processor.py:925} INFO - DAG(s) 'market_data_pipeline' retrieved from /opt/airflow/dags/market)data_dag.py
[2026-06-11T13:26:17.326+0000] {logging_mixin.py:190} INFO - [2026-06-11T13:26:17.326+0000] {dag.py:3239} INFO - Sync 1 DAGs
[2026-06-11T13:26:17.341+0000] {logging_mixin.py:190} INFO - [2026-06-11T13:26:17.341+0000] {dag.py:4180} INFO - Setting next_dagrun for market_data_pipeline to 2026-06-11 13:25:00+00:00, run_after=2026-06-11 13:30:00+00:00
[2026-06-11T13:26:17.350+0000] {processor.py:208} INFO - Processing /opt/airflow/dags/market)data_dag.py took 0.053 seconds
[2026-06-11T13:26:47.440+0000] {processor.py:186} INFO - Started process (PID=568) to work on /opt/airflow/dags/market)data_dag.py
[2026-06-11T13:26:47.441+0000] {processor.py:914} INFO - Processing file /opt/airflow/dags/market)data_dag.py for tasks to queue
[2026-06-11T13:26:47.442+0000] {logging_mixin.py:190} INFO - [2026-06-11T13:26:47.442+0000] {dagbag.py:588} INFO - Filling up the DagBag from /opt/airflow/dags/market)data_dag.py
[2026-06-11T13:26:47.448+0000] {processor.py:925} INFO - DAG(s) 'market_data_pipeline' retrieved from /opt/airflow/dags/market)data_dag.py
[2026-06-11T13:26:47.465+0000] {logging_mixin.py:190} INFO - [2026-06-11T13:26:47.465+0000] {dag.py:3239} INFO - Sync 1 DAGs
[2026-06-11T13:26:47.480+0000] {logging_mixin.py:190} INFO - [2026-06-11T13:26:47.480+0000] {dag.py:4180} INFO - Setting next_dagrun for market_data_pipeline to 2026-06-11 13:25:00+00:00, run_after=2026-06-11 13:30:00+00:00
[2026-06-11T13:26:47.490+0000] {processor.py:208} INFO - Processing /opt/airflow/dags/market)data_dag.py took 0.053 seconds
[2026-06-11T13:27:17.574+0000] {processor.py:186} INFO - Started process (PID=573) to work on /opt/airflow/dags/market)data_dag.py
[2026-06-11T13:27:17.575+0000] {processor.py:914} INFO - Processing file /opt/airflow/dags/market)data_dag.py for tasks to queue
[2026-06-11T13:27:17.577+0000] {logging_mixin.py:190} INFO - [2026-06-11T13:27:17.577+0000] {dagbag.py:588} INFO - Filling up the DagBag from /opt/airflow/dags/market)data_dag.py
[2026-06-11T13:27:17.583+0000] {processor.py:925} INFO - DAG(s) 'market_data_pipeline' retrieved from /opt/airflow/dags/market)data_dag.py
[2026-06-11T13:27:17.601+0000] {logging_mixin.py:190} INFO - [2026-06-11T13:27:17.601+0000] {dag.py:3239} INFO - Sync 1 DAGs
[2026-06-11T13:27:17.618+0000] {logging_mixin.py:190} INFO - [2026-06-11T13:27:17.617+0000] {dag.py:4180} INFO - Setting next_dagrun for market_data_pipeline to 2026-06-11 13:25:00+00:00, run_after=2026-06-11 13:30:00+00:00
[2026-06-11T13:27:17.628+0000] {processor.py:208} INFO - Processing /opt/airflow/dags/market)data_dag.py took 0.058 seconds
[2026-06-11T13:27:47.709+0000] {processor.py:186} INFO - Started process (PID=578) to work on /opt/airflow/dags/market)data_dag.py
[2026-06-11T13:27:47.709+0000] {processor.py:914} INFO - Processing file /opt/airflow/dags/market)data_dag.py for tasks to queue
[2026-06-11T13:27:47.712+0000] {logging_mixin.py:190} INFO - [2026-06-11T13:27:47.712+0000] {dagbag.py:588} INFO - Filling up the DagBag from /opt/airflow/dags/market)data_dag.py
[2026-06-11T13:27:47.718+0000] {processor.py:925} INFO - DAG(s) 'market_data_pipeline' retrieved from /opt/airflow/dags/market)data_dag.py
[2026-06-11T13:27:47.735+0000] {logging_mixin.py:190} INFO - [2026-06-11T13:27:47.734+0000] {dag.py:3239} INFO - Sync 1 DAGs
[2026-06-11T13:27:47.749+0000] {logging_mixin.py:190} INFO - [2026-06-11T13:27:47.749+0000] {dag.py:4180} INFO - Setting next_dagrun for market_data_pipeline to 2026-06-11 13:25:00+00:00, run_after=2026-06-11 13:30:00+00:00
[2026-06-11T13:27:47.759+0000] {processor.py:208} INFO - Processing /opt/airflow/dags/market)data_dag.py took 0.056 seconds
[2026-06-11T13:28:17.831+0000] {processor.py:186} INFO - Started process (PID=583) to work on /opt/airflow/dags/market)data_dag.py
[2026-06-11T13:28:17.832+0000] {processor.py:914} INFO - Processing file /opt/airflow/dags/market)data_dag.py for tasks to queue
[2026-06-11T13:28:17.833+0000] {logging_mixin.py:190} INFO - [2026-06-11T13:28:17.833+0000] {dagbag.py:588} INFO - Filling up the DagBag from /opt/airflow/dags/market)data_dag.py
[2026-06-11T13:28:17.838+0000] {processor.py:925} INFO - DAG(s) 'market_data_pipeline' retrieved from /opt/airflow/dags/market)data_dag.py
[2026-06-11T13:28:17.855+0000] {logging_mixin.py:190} INFO - [2026-06-11T13:28:17.855+0000] {dag.py:3239} INFO - Sync 1 DAGs
[2026-06-11T13:28:17.870+0000] {logging_mixin.py:190} INFO - [2026-06-11T13:28:17.870+0000] {dag.py:4180} INFO - Setting next_dagrun for market_data_pipeline to 2026-06-11 13:25:00+00:00, run_after=2026-06-11 13:30:00+00:00
[2026-06-11T13:28:17.880+0000] {processor.py:208} INFO - Processing /opt/airflow/dags/market)data_dag.py took 0.052 seconds
[2026-06-11T13:28:47.974+0000] {processor.py:186} INFO - Started process (PID=588) to work on /opt/airflow/dags/market)data_dag.py
[2026-06-11T13:28:47.975+0000] {processor.py:914} INFO - Processing file /opt/airflow/dags/market)data_dag.py for tasks to queue
[2026-06-11T13:28:47.976+0000] {logging_mixin.py:190} INFO - [2026-06-11T13:28:47.976+0000] {dagbag.py:588} INFO - Filling up the DagBag from /opt/airflow/dags/market)data_dag.py
[2026-06-11T13:28:47.985+0000] {processor.py:925} INFO - DAG(s) 'market_data_pipeline' retrieved from /opt/airflow/dags/market)data_dag.py
[2026-06-11T13:28:48.005+0000] {logging_mixin.py:190} INFO - [2026-06-11T13:28:48.005+0000] {dag.py:3239} INFO - Sync 1 DAGs
[2026-06-11T13:28:48.020+0000] {logging_mixin.py:190} INFO - [2026-06-11T13:28:48.020+0000] {dag.py:4180} INFO - Setting next_dagrun for market_data_pipeline to 2026-06-11 13:25:00+00:00, run_after=2026-06-11 13:30:00+00:00
[2026-06-11T13:28:48.035+0000] {processor.py:208} INFO - Processing /opt/airflow/dags/market)data_dag.py took 0.065 seconds
[2026-06-11T13:29:18.099+0000] {processor.py:186} INFO - Started process (PID=593) to work on /opt/airflow/dags/market)data_dag.py
[2026-06-11T13:29:18.100+0000] {processor.py:914} INFO - Processing file /opt/airflow/dags/market)data_dag.py for tasks to queue
[2026-06-11T13:29:18.101+0000] {logging_mixin.py:190} INFO - [2026-06-11T13:29:18.101+0000] {dagbag.py:588} INFO - Filling up the DagBag from /opt/airflow/dags/market)data_dag.py
[2026-06-11T13:29:18.106+0000] {processor.py:925} INFO - DAG(s) 'market_data_pipeline' retrieved from /opt/airflow/dags/market)data_dag.py
[2026-06-11T13:29:18.122+0000] {logging_mixin.py:190} INFO - [2026-06-11T13:29:18.122+0000] {dag.py:3239} INFO - Sync 1 DAGs
[2026-06-11T13:29:18.136+0000] {logging_mixin.py:190} INFO - [2026-06-11T13:29:18.136+0000] {dag.py:4180} INFO - Setting next_dagrun for market_data_pipeline to 2026-06-11 13:25:00+00:00, run_after=2026-06-11 13:30:00+00:00
[2026-06-11T13:29:18.145+0000] {processor.py:208} INFO - Processing /opt/airflow/dags/market)data_dag.py took 0.050 seconds
[2026-06-11T13:29:48.236+0000] {processor.py:186} INFO - Started process (PID=598) to work on /opt/airflow/dags/market)data_dag.py
[2026-06-11T13:29:48.237+0000] {processor.py:914} INFO - Processing file /opt/airflow/dags/market)data_dag.py for tasks to queue
[2026-06-11T13:29:48.238+0000] {logging_mixin.py:190} INFO - [2026-06-11T13:29:48.238+0000] {dagbag.py:588} INFO - Filling up the DagBag from /opt/airflow/dags/market)data_dag.py
[2026-06-11T13:29:48.244+0000] {processor.py:925} INFO - DAG(s) 'market_data_pipeline' retrieved from /opt/airflow/dags/market)data_dag.py
[2026-06-11T13:29:48.260+0000] {logging_mixin.py:190} INFO - [2026-06-11T13:29:48.260+0000] {dag.py:3239} INFO - Sync 1 DAGs
[2026-06-11T13:29:48.275+0000] {logging_mixin.py:190} INFO - [2026-06-11T13:29:48.274+0000] {dag.py:4180} INFO - Setting next_dagrun for market_data_pipeline to 2026-06-11 13:25:00+00:00, run_after=2026-06-11 13:30:00+00:00
[2026-06-11T13:29:48.285+0000] {processor.py:208} INFO - Processing /opt/airflow/dags/market)data_dag.py took 0.052 seconds
[2026-06-11T13:30:18.358+0000] {processor.py:186} INFO - Started process (PID=636) to work on /opt/airflow/dags/market)data_dag.py
[2026-06-11T13:30:18.358+0000] {processor.py:914} INFO - Processing file /opt/airflow/dags/market)data_dag.py for tasks to queue
[2026-06-11T13:30:18.360+0000] {logging_mixin.py:190} INFO - [2026-06-11T13:30:18.360+0000] {dagbag.py:588} INFO - Filling up the DagBag from /opt/airflow/dags/market)data_dag.py
[2026-06-11T13:30:18.367+0000] {processor.py:925} INFO - DAG(s) 'market_data_pipeline' retrieved from /opt/airflow/dags/market)data_dag.py
[2026-06-11T13:30:18.383+0000] {logging_mixin.py:190} INFO - [2026-06-11T13:30:18.383+0000] {dag.py:3239} INFO - Sync 1 DAGs
[2026-06-11T13:30:18.398+0000] {logging_mixin.py:190} INFO - [2026-06-11T13:30:18.398+0000] {dag.py:4180} INFO - Setting next_dagrun for market_data_pipeline to 2026-06-11 13:30:00+00:00, run_after=2026-06-11 13:35:00+00:00
[2026-06-11T13:30:18.408+0000] {processor.py:208} INFO - Processing /opt/airflow/dags/market)data_dag.py took 0.054 seconds
[2026-06-11T13:30:48.502+0000] {processor.py:186} INFO - Started process (PID=641) to work on /opt/airflow/dags/market)data_dag.py
[2026-06-11T13:30:48.503+0000] {processor.py:914} INFO - Processing file /opt/airflow/dags/market)data_dag.py for tasks to queue
[2026-06-11T13:30:48.505+0000] {logging_mixin.py:190} INFO - [2026-06-11T13:30:48.504+0000] {dagbag.py:588} INFO - Filling up the DagBag from /opt/airflow/dags/market)data_dag.py
[2026-06-11T13:30:48.512+0000] {processor.py:925} INFO - DAG(s) 'market_data_pipeline' retrieved from /opt/airflow/dags/market)data_dag.py
[2026-06-11T13:30:48.530+0000] {logging_mixin.py:190} INFO - [2026-06-11T13:30:48.530+0000] {dag.py:3239} INFO - Sync 1 DAGs
[2026-06-11T13:30:48.546+0000] {logging_mixin.py:190} INFO - [2026-06-11T13:30:48.545+0000] {dag.py:4180} INFO - Setting next_dagrun for market_data_pipeline to 2026-06-11 13:30:00+00:00, run_after=2026-06-11 13:35:00+00:00
[2026-06-11T13:30:48.556+0000] {processor.py:208} INFO - Processing /opt/airflow/dags/market)data_dag.py took 0.057 seconds
[2026-06-11T13:31:18.615+0000] {processor.py:186} INFO - Started process (PID=646) to work on /opt/airflow/dags/market)data_dag.py
[2026-06-11T13:31:18.616+0000] {processor.py:914} INFO - Processing file /opt/airflow/dags/market)data_dag.py for tasks to queue
[2026-06-11T13:31:18.617+0000] {logging_mixin.py:190} INFO - [2026-06-11T13:31:18.617+0000] {dagbag.py:588} INFO - Filling up the DagBag from /opt/airflow/dags/market)data_dag.py
[2026-06-11T13:31:18.623+0000] {processor.py:925} INFO - DAG(s) 'market_data_pipeline' retrieved from /opt/airflow/dags/market)data_dag.py
[2026-06-11T13:31:18.640+0000] {logging_mixin.py:190} INFO - [2026-06-11T13:31:18.640+0000] {dag.py:3239} INFO - Sync 1 DAGs
[2026-06-11T13:31:18.656+0000] {logging_mixin.py:190} INFO - [2026-06-11T13:31:18.656+0000] {dag.py:4180} INFO - Setting next_dagrun for market_data_pipeline to 2026-06-11 13:30:00+00:00, run_after=2026-06-11 13:35:00+00:00
[2026-06-11T13:31:18.666+0000] {processor.py:208} INFO - Processing /opt/airflow/dags/market)data_dag.py took 0.055 seconds
[2026-06-11T13:31:48.765+0000] {processor.py:186} INFO - Started process (PID=651) to work on /opt/airflow/dags/market)data_dag.py
[2026-06-11T13:31:48.766+0000] {processor.py:914} INFO - Processing file /opt/airflow/dags/market)data_dag.py for tasks to queue
[2026-06-11T13:31:48.768+0000] {logging_mixin.py:190} INFO - [2026-06-11T13:31:48.767+0000] {dagbag.py:588} INFO - Filling up the DagBag from /opt/airflow/dags/market)data_dag.py
[2026-06-11T13:31:48.773+0000] {processor.py:925} INFO - DAG(s) 'market_data_pipeline' retrieved from /opt/airflow/dags/market)data_dag.py
[2026-06-11T13:31:48.789+0000] {logging_mixin.py:190} INFO - [2026-06-11T13:31:48.789+0000] {dag.py:3239} INFO - Sync 1 DAGs
[2026-06-11T13:31:48.806+0000] {logging_mixin.py:190} INFO - [2026-06-11T13:31:48.806+0000] {dag.py:4180} INFO - Setting next_dagrun for market_data_pipeline to 2026-06-11 13:30:00+00:00, run_after=2026-06-11 13:35:00+00:00
[2026-06-11T13:31:48.817+0000] {processor.py:208} INFO - Processing /opt/airflow/dags/market)data_dag.py took 0.055 seconds
[2026-06-11T13:32:18.898+0000] {processor.py:186} INFO - Started process (PID=656) to work on /opt/airflow/dags/market)data_dag.py
[2026-06-11T13:32:18.899+0000] {processor.py:914} INFO - Processing file /opt/airflow/dags/market)data_dag.py for tasks to queue
[2026-06-11T13:32:18.900+0000] {logging_mixin.py:190} INFO - [2026-06-11T13:32:18.900+0000] {dagbag.py:588} INFO - Filling up the DagBag from /opt/airflow/dags/market)data_dag.py
[2026-06-11T13:32:18.906+0000] {processor.py:925} INFO - DAG(s) 'market_data_pipeline' retrieved from /opt/airflow/dags/market)data_dag.py
[2026-06-11T13:32:18.923+0000] {logging_mixin.py:190} INFO - [2026-06-11T13:32:18.923+0000] {dag.py:3239} INFO - Sync 1 DAGs
[2026-06-11T13:32:18.937+0000] {logging_mixin.py:190} INFO - [2026-06-11T13:32:18.937+0000] {dag.py:4180} INFO - Setting next_dagrun for market_data_pipeline to 2026-06-11 13:30:00+00:00, run_after=2026-06-11 13:35:00+00:00
[2026-06-11T13:32:18.948+0000] {processor.py:208} INFO - Processing /opt/airflow/dags/market)data_dag.py took 0.053 seconds
[2026-06-11T13:32:49.026+0000] {processor.py:186} INFO - Started process (PID=661) to work on /opt/airflow/dags/market)data_dag.py
[2026-06-11T13:32:49.027+0000] {processor.py:914} INFO - Processing file /opt/airflow/dags/market)data_dag.py for tasks to queue
[2026-06-11T13:32:49.028+0000] {logging_mixin.py:190} INFO - [2026-06-11T13:32:49.028+0000] {dagbag.py:588} INFO - Filling up the DagBag from /opt/airflow/dags/market)data_dag.py
[2026-06-11T13:32:49.033+0000] {processor.py:925} INFO - DAG(s) 'market_data_pipeline' retrieved from /opt/airflow/dags/market)data_dag.py
[2026-06-11T13:32:49.048+0000] {logging_mixin.py:190} INFO - [2026-06-11T13:32:49.048+0000] {dag.py:3239} INFO - Sync 1 DAGs
[2026-06-11T13:32:49.062+0000] {logging_mixin.py:190} INFO - [2026-06-11T13:32:49.062+0000] {dag.py:4180} INFO - Setting next_dagrun for market_data_pipeline to 2026-06-11 13:30:00+00:00, run_after=2026-06-11 13:35:00+00:00
[2026-06-11T13:32:49.073+0000] {processor.py:208} INFO - Processing /opt/airflow/dags/market)data_dag.py took 0.050 seconds
[2026-06-11T13:33:19.167+0000] {processor.py:186} INFO - Started process (PID=666) to work on /opt/airflow/dags/market)data_dag.py
[2026-06-11T13:33:19.168+0000] {processor.py:914} INFO - Processing file /opt/airflow/dags/market)data_dag.py for tasks to queue
[2026-06-11T13:33:19.170+0000] {logging_mixin.py:190} INFO - [2026-06-11T13:33:19.170+0000] {dagbag.py:588} INFO - Filling up the DagBag from /opt/airflow/dags/market)data_dag.py
[2026-06-11T13:33:19.176+0000] {processor.py:925} INFO - DAG(s) 'market_data_pipeline' retrieved from /opt/airflow/dags/market)data_dag.py
[2026-06-11T13:33:19.192+0000] {logging_mixin.py:190} INFO - [2026-06-11T13:33:19.192+0000] {dag.py:3239} INFO - Sync 1 DAGs
[2026-06-11T13:33:19.207+0000] {logging_mixin.py:190} INFO - [2026-06-11T13:33:19.207+0000] {dag.py:4180} INFO - Setting next_dagrun for market_data_pipeline to 2026-06-11 13:30:00+00:00, run_after=2026-06-11 13:35:00+00:00
[2026-06-11T13:33:19.217+0000] {processor.py:208} INFO - Processing /opt/airflow/dags/market)data_dag.py took 0.054 seconds
[2026-06-11T13:33:49.302+0000] {processor.py:186} INFO - Started process (PID=671) to work on /opt/airflow/dags/market)data_dag.py
[2026-06-11T13:33:49.303+0000] {processor.py:914} INFO - Processing file /opt/airflow/dags/market)data_dag.py for tasks to queue
[2026-06-11T13:33:49.304+0000] {logging_mixin.py:190} INFO - [2026-06-11T13:33:49.304+0000] {dagbag.py:588} INFO - Filling up the DagBag from /opt/airflow/dags/market)data_dag.py
[2026-06-11T13:33:49.310+0000] {processor.py:925} INFO - DAG(s) 'market_data_pipeline' retrieved from /opt/airflow/dags/market)data_dag.py
[2026-06-11T13:33:49.325+0000] {logging_mixin.py:190} INFO - [2026-06-11T13:33:49.325+0000] {dag.py:3239} INFO - Sync 1 DAGs
[2026-06-11T13:33:49.339+0000] {logging_mixin.py:190} INFO - [2026-06-11T13:33:49.339+0000] {dag.py:4180} INFO - Setting next_dagrun for market_data_pipeline to 2026-06-11 13:30:00+00:00, run_after=2026-06-11 13:35:00+00:00
[2026-06-11T13:33:49.349+0000] {processor.py:208} INFO - Processing /opt/airflow/dags/market)data_dag.py took 0.051 seconds
[2026-06-11T13:34:19.452+0000] {processor.py:186} INFO - Started process (PID=676) to work on /opt/airflow/dags/market)data_dag.py
[2026-06-11T13:34:19.453+0000] {processor.py:914} INFO - Processing file /opt/airflow/dags/market)data_dag.py for tasks to queue
[2026-06-11T13:34:19.455+0000] {logging_mixin.py:190} INFO - [2026-06-11T13:34:19.454+0000] {dagbag.py:588} INFO - Filling up the DagBag from /opt/airflow/dags/market)data_dag.py
[2026-06-11T13:34:19.461+0000] {processor.py:925} INFO - DAG(s) 'market_data_pipeline' retrieved from /opt/airflow/dags/market)data_dag.py
[2026-06-11T13:34:19.476+0000] {logging_mixin.py:190} INFO - [2026-06-11T13:34:19.476+0000] {dag.py:3239} INFO - Sync 1 DAGs
[2026-06-11T13:34:19.490+0000] {logging_mixin.py:190} INFO - [2026-06-11T13:34:19.490+0000] {dag.py:4180} INFO - Setting next_dagrun for market_data_pipeline to 2026-06-11 13:30:00+00:00, run_after=2026-06-11 13:35:00+00:00
[2026-06-11T13:34:19.500+0000] {processor.py:208} INFO - Processing /opt/airflow/dags/market)data_dag.py took 0.050 seconds
[2026-06-11T13:34:49.578+0000] {processor.py:186} INFO - Started process (PID=681) to work on /opt/airflow/dags/market)data_dag.py
[2026-06-11T13:34:49.579+0000] {processor.py:914} INFO - Processing file /opt/airflow/dags/market)data_dag.py for tasks to queue
[2026-06-11T13:34:49.580+0000] {logging_mixin.py:190} INFO - [2026-06-11T13:34:49.580+0000] {dagbag.py:588} INFO - Filling up the DagBag from /opt/airflow/dags/market)data_dag.py
[2026-06-11T13:34:49.586+0000] {processor.py:925} INFO - DAG(s) 'market_data_pipeline' retrieved from /opt/airflow/dags/market)data_dag.py
[2026-06-11T13:34:49.601+0000] {logging_mixin.py:190} INFO - [2026-06-11T13:34:49.601+0000] {dag.py:3239} INFO - Sync 1 DAGs
[2026-06-11T13:34:49.616+0000] {logging_mixin.py:190} INFO - [2026-06-11T13:34:49.616+0000] {dag.py:4180} INFO - Setting next_dagrun for market_data_pipeline to 2026-06-11 13:30:00+00:00, run_after=2026-06-11 13:35:00+00:00
[2026-06-11T13:34:49.626+0000] {processor.py:208} INFO - Processing /opt/airflow/dags/market)data_dag.py took 0.051 seconds
[2026-06-11T13:35:19.699+0000] {processor.py:186} INFO - Started process (PID=719) to work on /opt/airflow/dags/market)data_dag.py
[2026-06-11T13:35:19.700+0000] {processor.py:914} INFO - Processing file /opt/airflow/dags/market)data_dag.py for tasks to queue
[2026-06-11T13:35:19.702+0000] {logging_mixin.py:190} INFO - [2026-06-11T13:35:19.702+0000] {dagbag.py:588} INFO - Filling up the DagBag from /opt/airflow/dags/market)data_dag.py
[2026-06-11T13:35:19.707+0000] {processor.py:925} INFO - DAG(s) 'market_data_pipeline' retrieved from /opt/airflow/dags/market)data_dag.py
[2026-06-11T13:35:19.724+0000] {logging_mixin.py:190} INFO - [2026-06-11T13:35:19.723+0000] {dag.py:3239} INFO - Sync 1 DAGs
[2026-06-11T13:35:19.738+0000] {logging_mixin.py:190} INFO - [2026-06-11T13:35:19.738+0000] {dag.py:4180} INFO - Setting next_dagrun for market_data_pipeline to 2026-06-11 13:35:00+00:00, run_after=2026-06-11 13:40:00+00:00
[2026-06-11T13:35:19.748+0000] {processor.py:208} INFO - Processing /opt/airflow/dags/market)data_dag.py took 0.052 seconds
[2026-06-11T13:35:49.832+0000] {processor.py:186} INFO - Started process (PID=724) to work on /opt/airflow/dags/market)data_dag.py
[2026-06-11T13:35:49.832+0000] {processor.py:914} INFO - Processing file /opt/airflow/dags/market)data_dag.py for tasks to queue
[2026-06-11T13:35:49.834+0000] {logging_mixin.py:190} INFO - [2026-06-11T13:35:49.834+0000] {dagbag.py:588} INFO - Filling up the DagBag from /opt/airflow/dags/market)data_dag.py
[2026-06-11T13:35:49.840+0000] {processor.py:925} INFO - DAG(s) 'market_data_pipeline' retrieved from /opt/airflow/dags/market)data_dag.py
[2026-06-11T13:35:49.856+0000] {logging_mixin.py:190} INFO - [2026-06-11T13:35:49.856+0000] {dag.py:3239} INFO - Sync 1 DAGs
[2026-06-11T13:35:49.871+0000] {logging_mixin.py:190} INFO - [2026-06-11T13:35:49.871+0000] {dag.py:4180} INFO - Setting next_dagrun for market_data_pipeline to 2026-06-11 13:35:00+00:00, run_after=2026-06-11 13:40:00+00:00
[2026-06-11T13:35:49.882+0000] {processor.py:208} INFO - Processing /opt/airflow/dags/market)data_dag.py took 0.054 seconds
[2026-06-11T13:36:19.945+0000] {processor.py:186} INFO - Started process (PID=729) to work on /opt/airflow/dags/market)data_dag.py
[2026-06-11T13:36:19.946+0000] {processor.py:914} INFO - Processing file /opt/airflow/dags/market)data_dag.py for tasks to queue
[2026-06-11T13:36:19.948+0000] {logging_mixin.py:190} INFO - [2026-06-11T13:36:19.948+0000] {dagbag.py:588} INFO - Filling up the DagBag from /opt/airflow/dags/market)data_dag.py
[2026-06-11T13:36:19.953+0000] {processor.py:925} INFO - DAG(s) 'market_data_pipeline' retrieved from /opt/airflow/dags/market)data_dag.py
[2026-06-11T13:36:19.971+0000] {logging_mixin.py:190} INFO - [2026-06-11T13:36:19.971+0000] {dag.py:3239} INFO - Sync 1 DAGs
[2026-06-11T13:36:19.986+0000] {logging_mixin.py:190} INFO - [2026-06-11T13:36:19.986+0000] {dag.py:4180} INFO - Setting next_dagrun for market_data_pipeline to 2026-06-11 13:35:00+00:00, run_after=2026-06-11 13:40:00+00:00
[2026-06-11T13:36:19.997+0000] {processor.py:208} INFO - Processing /opt/airflow/dags/market)data_dag.py took 0.056 seconds
[2026-06-11T13:36:50.090+0000] {processor.py:186} INFO - Started process (PID=734) to work on /opt/airflow/dags/market)data_dag.py
[2026-06-11T13:36:50.091+0000] {processor.py:914} INFO - Processing file /opt/airflow/dags/market)data_dag.py for tasks to queue
[2026-06-11T13:36:50.092+0000] {logging_mixin.py:190} INFO - [2026-06-11T13:36:50.092+0000] {dagbag.py:588} INFO - Filling up the DagBag from /opt/airflow/dags/market)data_dag.py
[2026-06-11T13:36:50.097+0000] {processor.py:925} INFO - DAG(s) 'market_data_pipeline' retrieved from /opt/airflow/dags/market)data_dag.py
[2026-06-11T13:36:50.113+0000] {logging_mixin.py:190} INFO - [2026-06-11T13:36:50.112+0000] {dag.py:3239} INFO - Sync 1 DAGs
[2026-06-11T13:36:50.127+0000] {logging_mixin.py:190} INFO - [2026-06-11T13:36:50.126+0000] {dag.py:4180} INFO - Setting next_dagrun for market_data_pipeline to 2026-06-11 13:35:00+00:00, run_after=2026-06-11 13:40:00+00:00
[2026-06-11T13:36:50.136+0000] {processor.py:208} INFO - Processing /opt/airflow/dags/market)data_dag.py took 0.050 seconds
[2026-06-11T13:37:17.536+0000] {processor.py:186} INFO - Started process (PID=231) to work on /opt/airflow/dags/market)data_dag.py
[2026-06-11T13:37:17.537+0000] {processor.py:914} INFO - Processing file /opt/airflow/dags/market)data_dag.py for tasks to queue
[2026-06-11T13:37:17.538+0000] {logging_mixin.py:190} INFO - [2026-06-11T13:37:17.538+0000] {dagbag.py:588} INFO - Filling up the DagBag from /opt/airflow/dags/market)data_dag.py
[2026-06-11T13:37:17.544+0000] {processor.py:925} INFO - DAG(s) 'market_data_pipeline' retrieved from /opt/airflow/dags/market)data_dag.py
[2026-06-11T13:37:17.624+0000] {logging_mixin.py:190} INFO - [2026-06-11T13:37:17.623+0000] {override.py:1912} INFO - Created Permission View: can read on DAG:market_data_pipeline
[2026-06-11T13:37:17.630+0000] {logging_mixin.py:190} INFO - [2026-06-11T13:37:17.630+0000] {override.py:1912} INFO - Created Permission View: can edit on DAG:market_data_pipeline
[2026-06-11T13:37:17.634+0000] {logging_mixin.py:190} INFO - [2026-06-11T13:37:17.634+0000] {override.py:1912} INFO - Created Permission View: can delete on DAG:market_data_pipeline
[2026-06-11T13:37:17.639+0000] {logging_mixin.py:190} INFO - [2026-06-11T13:37:17.639+0000] {override.py:1912} INFO - Created Permission View: can read on DAG Run:market_data_pipeline
[2026-06-11T13:37:17.643+0000] {logging_mixin.py:190} INFO - [2026-06-11T13:37:17.643+0000] {override.py:1912} INFO - Created Permission View: menu access on DAG Run:market_data_pipeline
[2026-06-11T13:37:17.647+0000] {logging_mixin.py:190} INFO - [2026-06-11T13:37:17.647+0000] {override.py:1912} INFO - Created Permission View: can create on DAG Run:market_data_pipeline
[2026-06-11T13:37:17.651+0000] {logging_mixin.py:190} INFO - [2026-06-11T13:37:17.650+0000] {override.py:1912} INFO - Created Permission View: can delete on DAG Run:market_data_pipeline
[2026-06-11T13:37:17.651+0000] {logging_mixin.py:190} INFO - [2026-06-11T13:37:17.651+0000] {dag.py:3239} INFO - Sync 1 DAGs
[2026-06-11T13:37:17.658+0000] {logging_mixin.py:190} INFO - [2026-06-11T13:37:17.658+0000] {dag.py:3262} INFO - Creating ORM DAG for market_data_pipeline
[2026-06-11T13:37:17.666+0000] {logging_mixin.py:190} INFO - [2026-06-11T13:37:17.666+0000] {dag.py:4180} INFO - Setting next_dagrun for market_data_pipeline to 2026-06-11 13:30:00+00:00, run_after=2026-06-11 13:35:00+00:00
[2026-06-11T13:37:17.676+0000] {processor.py:208} INFO - Processing /opt/airflow/dags/market)data_dag.py took 0.144 seconds
[2026-06-11T13:37:47.776+0000] {processor.py:186} INFO - Started process (PID=268) to work on /opt/airflow/dags/market)data_dag.py
[2026-06-11T13:37:47.776+0000] {processor.py:914} INFO - Processing file /opt/airflow/dags/market)data_dag.py for tasks to queue
[2026-06-11T13:37:47.778+0000] {logging_mixin.py:190} INFO - [2026-06-11T13:37:47.778+0000] {dagbag.py:588} INFO - Filling up the DagBag from /opt/airflow/dags/market)data_dag.py
[2026-06-11T13:37:47.783+0000] {processor.py:925} INFO - DAG(s) 'market_data_pipeline' retrieved from /opt/airflow/dags/market)data_dag.py
[2026-06-11T13:37:47.799+0000] {logging_mixin.py:190} INFO - [2026-06-11T13:37:47.799+0000] {dag.py:3239} INFO - Sync 1 DAGs
[2026-06-11T13:37:47.814+0000] {logging_mixin.py:190} INFO - [2026-06-11T13:37:47.814+0000] {dag.py:4180} INFO - Setting next_dagrun for market_data_pipeline to 2026-06-11 13:30:00+00:00, run_after=2026-06-11 13:35:00+00:00
[2026-06-11T13:37:47.825+0000] {processor.py:208} INFO - Processing /opt/airflow/dags/market)data_dag.py took 0.053 seconds
[2026-06-11T13:38:25.944+0000] {processor.py:186} INFO - Started process (PID=231) to work on /opt/airflow/dags/market)data_dag.py
[2026-06-11T13:38:25.945+0000] {processor.py:914} INFO - Processing file /opt/airflow/dags/market)data_dag.py for tasks to queue
[2026-06-11T13:38:25.947+0000] {logging_mixin.py:190} INFO - [2026-06-11T13:38:25.946+0000] {dagbag.py:588} INFO - Filling up the DagBag from /opt/airflow/dags/market)data_dag.py
[2026-06-11T13:38:25.952+0000] {processor.py:925} INFO - DAG(s) 'market_data_pipeline' retrieved from /opt/airflow/dags/market)data_dag.py
[2026-06-11T13:38:26.030+0000] {logging_mixin.py:190} INFO - [2026-06-11T13:38:26.029+0000] {override.py:1912} INFO - Created Permission View: can read on DAG:market_data_pipeline
[2026-06-11T13:38:26.036+0000] {logging_mixin.py:190} INFO - [2026-06-11T13:38:26.036+0000] {override.py:1912} INFO - Created Permission View: can delete on DAG:market_data_pipeline
[2026-06-11T13:38:26.041+0000] {logging_mixin.py:190} INFO - [2026-06-11T13:38:26.040+0000] {override.py:1912} INFO - Created Permission View: can edit on DAG:market_data_pipeline
[2026-06-11T13:38:26.045+0000] {logging_mixin.py:190} INFO - [2026-06-11T13:38:26.045+0000] {override.py:1912} INFO - Created Permission View: can create on DAG Run:market_data_pipeline
[2026-06-11T13:38:26.050+0000] {logging_mixin.py:190} INFO - [2026-06-11T13:38:26.049+0000] {override.py:1912} INFO - Created Permission View: can read on DAG Run:market_data_pipeline
[2026-06-11T13:38:26.054+0000] {logging_mixin.py:190} INFO - [2026-06-11T13:38:26.054+0000] {override.py:1912} INFO - Created Permission View: can delete on DAG Run:market_data_pipeline
[2026-06-11T13:38:26.058+0000] {logging_mixin.py:190} INFO - [2026-06-11T13:38:26.058+0000] {override.py:1912} INFO - Created Permission View: menu access on DAG Run:market_data_pipeline
[2026-06-11T13:38:26.058+0000] {logging_mixin.py:190} INFO - [2026-06-11T13:38:26.058+0000] {dag.py:3239} INFO - Sync 1 DAGs
[2026-06-11T13:38:26.066+0000] {logging_mixin.py:190} INFO - [2026-06-11T13:38:26.066+0000] {dag.py:3262} INFO - Creating ORM DAG for market_data_pipeline
[2026-06-11T13:38:26.075+0000] {logging_mixin.py:190} INFO - [2026-06-11T13:38:26.074+0000] {dag.py:4180} INFO - Setting next_dagrun for market_data_pipeline to 2026-06-11 13:30:00+00:00, run_after=2026-06-11 13:35:00+00:00
[2026-06-11T13:38:26.086+0000] {processor.py:208} INFO - Processing /opt/airflow/dags/market)data_dag.py took 0.145 seconds
[2026-06-11T13:38:56.193+0000] {processor.py:186} INFO - Started process (PID=268) to work on /opt/airflow/dags/market)data_dag.py
[2026-06-11T13:38:56.195+0000] {processor.py:914} INFO - Processing file /opt/airflow/dags/market)data_dag.py for tasks to queue
[2026-06-11T13:38:56.196+0000] {logging_mixin.py:190} INFO - [2026-06-11T13:38:56.196+0000] {dagbag.py:588} INFO - Filling up the DagBag from /opt/airflow/dags/market)data_dag.py
[2026-06-11T13:38:56.203+0000] {processor.py:925} INFO - DAG(s) 'market_data_pipeline' retrieved from /opt/airflow/dags/market)data_dag.py
[2026-06-11T13:38:56.224+0000] {logging_mixin.py:190} INFO - [2026-06-11T13:38:56.223+0000] {dag.py:3239} INFO - Sync 1 DAGs
[2026-06-11T13:38:56.241+0000] {logging_mixin.py:190} INFO - [2026-06-11T13:38:56.241+0000] {dag.py:4180} INFO - Setting next_dagrun for market_data_pipeline to 2026-06-11 13:30:00+00:00, run_after=2026-06-11 13:35:00+00:00
[2026-06-11T13:38:56.253+0000] {processor.py:208} INFO - Processing /opt/airflow/dags/market)data_dag.py took 0.064 seconds
[2026-06-11T13:39:26.307+0000] {processor.py:186} INFO - Started process (PID=273) to work on /opt/airflow/dags/market)data_dag.py
[2026-06-11T13:39:26.307+0000] {processor.py:914} INFO - Processing file /opt/airflow/dags/market)data_dag.py for tasks to queue
[2026-06-11T13:39:26.309+0000] {logging_mixin.py:190} INFO - [2026-06-11T13:39:26.309+0000] {dagbag.py:588} INFO - Filling up the DagBag from /opt/airflow/dags/market)data_dag.py
[2026-06-11T13:39:26.315+0000] {processor.py:925} INFO - DAG(s) 'market_data_pipeline' retrieved from /opt/airflow/dags/market)data_dag.py
[2026-06-11T13:39:26.335+0000] {logging_mixin.py:190} INFO - [2026-06-11T13:39:26.335+0000] {dag.py:3239} INFO - Sync 1 DAGs
[2026-06-11T13:39:26.350+0000] {logging_mixin.py:190} INFO - [2026-06-11T13:39:26.350+0000] {dag.py:4180} INFO - Setting next_dagrun for market_data_pipeline to 2026-06-11 13:30:00+00:00, run_after=2026-06-11 13:35:00+00:00
[2026-06-11T13:39:26.360+0000] {processor.py:208} INFO - Processing /opt/airflow/dags/market)data_dag.py took 0.058 seconds
[2026-06-11T13:39:56.457+0000] {processor.py:186} INFO - Started process (PID=278) to work on /opt/airflow/dags/market)data_dag.py
[2026-06-11T13:39:56.457+0000] {processor.py:914} INFO - Processing file /opt/airflow/dags/market)data_dag.py for tasks to queue
[2026-06-11T13:39:56.460+0000] {logging_mixin.py:190} INFO - [2026-06-11T13:39:56.460+0000] {dagbag.py:588} INFO - Filling up the DagBag from /opt/airflow/dags/market)data_dag.py
[2026-06-11T13:39:56.466+0000] {processor.py:925} INFO - DAG(s) 'market_data_pipeline' retrieved from /opt/airflow/dags/market)data_dag.py
[2026-06-11T13:39:56.482+0000] {logging_mixin.py:190} INFO - [2026-06-11T13:39:56.482+0000] {dag.py:3239} INFO - Sync 1 DAGs
[2026-06-11T13:39:56.497+0000] {logging_mixin.py:190} INFO - [2026-06-11T13:39:56.497+0000] {dag.py:4180} INFO - Setting next_dagrun for market_data_pipeline to 2026-06-11 13:30:00+00:00, run_after=2026-06-11 13:35:00+00:00
[2026-06-11T13:39:56.508+0000] {processor.py:208} INFO - Processing /opt/airflow/dags/market)data_dag.py took 0.055 seconds
[2026-06-11T13:40:26.575+0000] {processor.py:186} INFO - Started process (PID=284) to work on /opt/airflow/dags/market)data_dag.py
[2026-06-11T13:40:26.576+0000] {processor.py:914} INFO - Processing file /opt/airflow/dags/market)data_dag.py for tasks to queue
[2026-06-11T13:40:26.578+0000] {logging_mixin.py:190} INFO - [2026-06-11T13:40:26.577+0000] {dagbag.py:588} INFO - Filling up the DagBag from /opt/airflow/dags/market)data_dag.py
[2026-06-11T13:40:26.585+0000] {processor.py:925} INFO - DAG(s) 'market_data_pipeline' retrieved from /opt/airflow/dags/market)data_dag.py
[2026-06-11T13:40:26.605+0000] {logging_mixin.py:190} INFO - [2026-06-11T13:40:26.605+0000] {dag.py:3239} INFO - Sync 1 DAGs
[2026-06-11T13:40:26.620+0000] {logging_mixin.py:190} INFO - [2026-06-11T13:40:26.620+0000] {dag.py:4180} INFO - Setting next_dagrun for market_data_pipeline to 2026-06-11 13:35:00+00:00, run_after=2026-06-11 13:40:00+00:00
[2026-06-11T13:40:26.630+0000] {processor.py:208} INFO - Processing /opt/airflow/dags/market)data_dag.py took 0.060 seconds
[2026-06-11T13:41:08.617+0000] {processor.py:186} INFO - Started process (PID=231) to work on /opt/airflow/dags/market)data_dag.py
[2026-06-11T13:41:08.617+0000] {processor.py:914} INFO - Processing file /opt/airflow/dags/market)data_dag.py for tasks to queue
[2026-06-11T13:41:08.619+0000] {logging_mixin.py:190} INFO - [2026-06-11T13:41:08.619+0000] {dagbag.py:588} INFO - Filling up the DagBag from /opt/airflow/dags/market)data_dag.py
[2026-06-11T13:41:08.625+0000] {processor.py:925} INFO - DAG(s) 'market_data_pipeline' retrieved from /opt/airflow/dags/market)data_dag.py
[2026-06-11T13:41:08.700+0000] {logging_mixin.py:190} INFO - [2026-06-11T13:41:08.700+0000] {override.py:1912} INFO - Created Permission View: can delete on DAG:market_data_pipeline
[2026-06-11T13:41:08.706+0000] {logging_mixin.py:190} INFO - [2026-06-11T13:41:08.706+0000] {override.py:1912} INFO - Created Permission View: can edit on DAG:market_data_pipeline
[2026-06-11T13:41:08.710+0000] {logging_mixin.py:190} INFO - [2026-06-11T13:41:08.710+0000] {override.py:1912} INFO - Created Permission View: can read on DAG:market_data_pipeline
[2026-06-11T13:41:08.715+0000] {logging_mixin.py:190} INFO - [2026-06-11T13:41:08.714+0000] {override.py:1912} INFO - Created Permission View: can create on DAG Run:market_data_pipeline
[2026-06-11T13:41:08.718+0000] {logging_mixin.py:190} INFO - [2026-06-11T13:41:08.718+0000] {override.py:1912} INFO - Created Permission View: menu access on DAG Run:market_data_pipeline
[2026-06-11T13:41:08.721+0000] {logging_mixin.py:190} INFO - [2026-06-11T13:41:08.721+0000] {override.py:1912} INFO - Created Permission View: can delete on DAG Run:market_data_pipeline
[2026-06-11T13:41:08.724+0000] {logging_mixin.py:190} INFO - [2026-06-11T13:41:08.724+0000] {override.py:1912} INFO - Created Permission View: can read on DAG Run:market_data_pipeline
[2026-06-11T13:41:08.724+0000] {logging_mixin.py:190} INFO - [2026-06-11T13:41:08.724+0000] {dag.py:3239} INFO - Sync 1 DAGs
[2026-06-11T13:41:08.732+0000] {logging_mixin.py:190} INFO - [2026-06-11T13:41:08.732+0000] {dag.py:3262} INFO - Creating ORM DAG for market_data_pipeline
[2026-06-11T13:41:08.739+0000] {logging_mixin.py:190} INFO - [2026-06-11T13:41:08.739+0000] {dag.py:4180} INFO - Setting next_dagrun for market_data_pipeline to 2026-06-11 13:35:00+00:00, run_after=2026-06-11 13:40:00+00:00
[2026-06-11T13:41:08.750+0000] {processor.py:208} INFO - Processing /opt/airflow/dags/market)data_dag.py took 0.137 seconds
[2026-06-11T13:41:38.848+0000] {processor.py:186} INFO - Started process (PID=268) to work on /opt/airflow/dags/market)data_dag.py
[2026-06-11T13:41:38.848+0000] {processor.py:914} INFO - Processing file /opt/airflow/dags/market)data_dag.py for tasks to queue
[2026-06-11T13:41:38.850+0000] {logging_mixin.py:190} INFO - [2026-06-11T13:41:38.850+0000] {dagbag.py:588} INFO - Filling up the DagBag from /opt/airflow/dags/market)data_dag.py
[2026-06-11T13:41:38.856+0000] {processor.py:925} INFO - DAG(s) 'market_data_pipeline' retrieved from /opt/airflow/dags/market)data_dag.py
[2026-06-11T13:41:38.874+0000] {logging_mixin.py:190} INFO - [2026-06-11T13:41:38.874+0000] {dag.py:3239} INFO - Sync 1 DAGs
[2026-06-11T13:41:38.890+0000] {logging_mixin.py:190} INFO - [2026-06-11T13:41:38.890+0000] {dag.py:4180} INFO - Setting next_dagrun for market_data_pipeline to 2026-06-11 13:35:00+00:00, run_after=2026-06-11 13:40:00+00:00
[2026-06-11T13:41:38.900+0000] {processor.py:208} INFO - Processing /opt/airflow/dags/market)data_dag.py took 0.056 seconds
[2026-06-11T13:42:08.958+0000] {processor.py:186} INFO - Started process (PID=273) to work on /opt/airflow/dags/market)data_dag.py
[2026-06-11T13:42:08.959+0000] {processor.py:914} INFO - Processing file /opt/airflow/dags/market)data_dag.py for tasks to queue
[2026-06-11T13:42:08.961+0000] {logging_mixin.py:190} INFO - [2026-06-11T13:42:08.961+0000] {dagbag.py:588} INFO - Filling up the DagBag from /opt/airflow/dags/market)data_dag.py
[2026-06-11T13:42:08.969+0000] {processor.py:925} INFO - DAG(s) 'market_data_pipeline' retrieved from /opt/airflow/dags/market)data_dag.py
[2026-06-11T13:42:08.991+0000] {logging_mixin.py:190} INFO - [2026-06-11T13:42:08.991+0000] {dag.py:3239} INFO - Sync 1 DAGs
[2026-06-11T13:42:09.008+0000] {logging_mixin.py:190} INFO - [2026-06-11T13:42:09.008+0000] {dag.py:4180} INFO - Setting next_dagrun for market_data_pipeline to 2026-06-11 13:35:00+00:00, run_after=2026-06-11 13:40:00+00:00
[2026-06-11T13:42:09.019+0000] {processor.py:208} INFO - Processing /opt/airflow/dags/market)data_dag.py took 0.065 seconds
[2026-06-11T13:42:39.109+0000] {processor.py:186} INFO - Started process (PID=278) to work on /opt/airflow/dags/market)data_dag.py
[2026-06-11T13:42:39.110+0000] {processor.py:914} INFO - Processing file /opt/airflow/dags/market)data_dag.py for tasks to queue
[2026-06-11T13:42:39.113+0000] {logging_mixin.py:190} INFO - [2026-06-11T13:42:39.113+0000] {dagbag.py:588} INFO - Filling up the DagBag from /opt/airflow/dags/market)data_dag.py
[2026-06-11T13:42:39.120+0000] {processor.py:925} INFO - DAG(s) 'market_data_pipeline' retrieved from /opt/airflow/dags/market)data_dag.py
[2026-06-11T13:42:39.137+0000] {logging_mixin.py:190} INFO - [2026-06-11T13:42:39.137+0000] {dag.py:3239} INFO - Sync 1 DAGs
[2026-06-11T13:42:39.152+0000] {logging_mixin.py:190} INFO - [2026-06-11T13:42:39.152+0000] {dag.py:4180} INFO - Setting next_dagrun for market_data_pipeline to 2026-06-11 13:35:00+00:00, run_after=2026-06-11 13:40:00+00:00
[2026-06-11T13:42:39.162+0000] {processor.py:208} INFO - Processing /opt/airflow/dags/market)data_dag.py took 0.057 seconds
[2026-06-11T13:43:09.237+0000] {processor.py:186} INFO - Started process (PID=283) to work on /opt/airflow/dags/market)data_dag.py
[2026-06-11T13:43:09.237+0000] {processor.py:914} INFO - Processing file /opt/airflow/dags/market)data_dag.py for tasks to queue
[2026-06-11T13:43:09.239+0000] {logging_mixin.py:190} INFO - [2026-06-11T13:43:09.239+0000] {dagbag.py:588} INFO - Filling up the DagBag from /opt/airflow/dags/market)data_dag.py
[2026-06-11T13:43:09.245+0000] {processor.py:925} INFO - DAG(s) 'market_data_pipeline' retrieved from /opt/airflow/dags/market)data_dag.py
[2026-06-11T13:43:09.263+0000] {logging_mixin.py:190} INFO - [2026-06-11T13:43:09.262+0000] {dag.py:3239} INFO - Sync 1 DAGs
[2026-06-11T13:43:09.278+0000] {logging_mixin.py:190} INFO - [2026-06-11T13:43:09.278+0000] {dag.py:4180} INFO - Setting next_dagrun for market_data_pipeline to 2026-06-11 13:35:00+00:00, run_after=2026-06-11 13:40:00+00:00
[2026-06-11T13:43:09.290+0000] {processor.py:208} INFO - Processing /opt/airflow/dags/market)data_dag.py took 0.058 seconds
[2026-06-11T13:43:39.366+0000] {processor.py:186} INFO - Started process (PID=288) to work on /opt/airflow/dags/market)data_dag.py
[2026-06-11T13:43:39.366+0000] {processor.py:914} INFO - Processing file /opt/airflow/dags/market)data_dag.py for tasks to queue
[2026-06-11T13:43:39.367+0000] {logging_mixin.py:190} INFO - [2026-06-11T13:43:39.367+0000] {dagbag.py:588} INFO - Filling up the DagBag from /opt/airflow/dags/market)data_dag.py
[2026-06-11T13:43:39.373+0000] {processor.py:925} INFO - DAG(s) 'market_data_pipeline' retrieved from /opt/airflow/dags/market)data_dag.py
[2026-06-11T13:43:39.388+0000] {logging_mixin.py:190} INFO - [2026-06-11T13:43:39.388+0000] {dag.py:3239} INFO - Sync 1 DAGs
[2026-06-11T13:43:39.404+0000] {logging_mixin.py:190} INFO - [2026-06-11T13:43:39.404+0000] {dag.py:4180} INFO - Setting next_dagrun for market_data_pipeline to 2026-06-11 13:35:00+00:00, run_after=2026-06-11 13:40:00+00:00
[2026-06-11T13:43:39.414+0000] {processor.py:208} INFO - Processing /opt/airflow/dags/market)data_dag.py took 0.052 seconds
[2026-06-11T13:44:09.489+0000] {processor.py:186} INFO - Started process (PID=293) to work on /opt/airflow/dags/market)data_dag.py
[2026-06-11T13:44:09.490+0000] {processor.py:914} INFO - Processing file /opt/airflow/dags/market)data_dag.py for tasks to queue
[2026-06-11T13:44:09.491+0000] {logging_mixin.py:190} INFO - [2026-06-11T13:44:09.491+0000] {dagbag.py:588} INFO - Filling up the DagBag from /opt/airflow/dags/market)data_dag.py
[2026-06-11T13:44:09.498+0000] {processor.py:925} INFO - DAG(s) 'market_data_pipeline' retrieved from /opt/airflow/dags/market)data_dag.py
[2026-06-11T13:44:09.517+0000] {logging_mixin.py:190} INFO - [2026-06-11T13:44:09.517+0000] {dag.py:3239} INFO - Sync 1 DAGs
[2026-06-11T13:44:09.533+0000] {logging_mixin.py:190} INFO - [2026-06-11T13:44:09.533+0000] {dag.py:4180} INFO - Setting next_dagrun for market_data_pipeline to 2026-06-11 13:35:00+00:00, run_after=2026-06-11 13:40:00+00:00
[2026-06-11T13:44:09.544+0000] {processor.py:208} INFO - Processing /opt/airflow/dags/market)data_dag.py took 0.059 seconds
[2026-06-11T13:44:39.619+0000] {processor.py:186} INFO - Started process (PID=298) to work on /opt/airflow/dags/market)data_dag.py
[2026-06-11T13:44:39.619+0000] {processor.py:914} INFO - Processing file /opt/airflow/dags/market)data_dag.py for tasks to queue
[2026-06-11T13:44:39.621+0000] {logging_mixin.py:190} INFO - [2026-06-11T13:44:39.620+0000] {dagbag.py:588} INFO - Filling up the DagBag from /opt/airflow/dags/market)data_dag.py
[2026-06-11T13:44:39.627+0000] {processor.py:925} INFO - DAG(s) 'market_data_pipeline' retrieved from /opt/airflow/dags/market)data_dag.py
[2026-06-11T13:44:39.646+0000] {logging_mixin.py:190} INFO - [2026-06-11T13:44:39.646+0000] {dag.py:3239} INFO - Sync 1 DAGs
[2026-06-11T13:44:39.661+0000] {logging_mixin.py:190} INFO - [2026-06-11T13:44:39.661+0000] {dag.py:4180} INFO - Setting next_dagrun for market_data_pipeline to 2026-06-11 13:35:00+00:00, run_after=2026-06-11 13:40:00+00:00
[2026-06-11T13:44:39.672+0000] {processor.py:208} INFO - Processing /opt/airflow/dags/market)data_dag.py took 0.058 seconds
[2026-06-11T13:45:26.151+0000] {processor.py:186} INFO - Started process (PID=232) to work on /opt/airflow/dags/market)data_dag.py
[2026-06-11T13:45:26.152+0000] {processor.py:914} INFO - Processing file /opt/airflow/dags/market)data_dag.py for tasks to queue
[2026-06-11T13:45:26.154+0000] {logging_mixin.py:190} INFO - [2026-06-11T13:45:26.154+0000] {dagbag.py:588} INFO - Filling up the DagBag from /opt/airflow/dags/market)data_dag.py
[2026-06-11T13:45:26.161+0000] {processor.py:925} INFO - DAG(s) 'market_data_pipeline' retrieved from /opt/airflow/dags/market)data_dag.py
[2026-06-11T13:45:26.241+0000] {logging_mixin.py:190} INFO - [2026-06-11T13:45:26.241+0000] {override.py:1912} INFO - Created Permission View: can delete on DAG:market_data_pipeline
[2026-06-11T13:45:26.247+0000] {logging_mixin.py:190} INFO - [2026-06-11T13:45:26.247+0000] {override.py:1912} INFO - Created Permission View: can edit on DAG:market_data_pipeline
[2026-06-11T13:45:26.251+0000] {logging_mixin.py:190} INFO - [2026-06-11T13:45:26.250+0000] {override.py:1912} INFO - Created Permission View: can read on DAG:market_data_pipeline
[2026-06-11T13:45:26.254+0000] {logging_mixin.py:190} INFO - [2026-06-11T13:45:26.254+0000] {override.py:1912} INFO - Created Permission View: can delete on DAG Run:market_data_pipeline
[2026-06-11T13:45:26.257+0000] {logging_mixin.py:190} INFO - [2026-06-11T13:45:26.257+0000] {override.py:1912} INFO - Created Permission View: can create on DAG Run:market_data_pipeline
[2026-06-11T13:45:26.261+0000] {logging_mixin.py:190} INFO - [2026-06-11T13:45:26.260+0000] {override.py:1912} INFO - Created Permission View: can read on DAG Run:market_data_pipeline
[2026-06-11T13:45:26.264+0000] {logging_mixin.py:190} INFO - [2026-06-11T13:45:26.263+0000] {override.py:1912} INFO - Created Permission View: menu access on DAG Run:market_data_pipeline
[2026-06-11T13:45:26.264+0000] {logging_mixin.py:190} INFO - [2026-06-11T13:45:26.264+0000] {dag.py:3239} INFO - Sync 1 DAGs
[2026-06-11T13:45:26.273+0000] {logging_mixin.py:190} INFO - [2026-06-11T13:45:26.273+0000] {dag.py:3262} INFO - Creating ORM DAG for market_data_pipeline
[2026-06-11T13:45:26.280+0000] {logging_mixin.py:190} INFO - [2026-06-11T13:45:26.280+0000] {dag.py:4180} INFO - Setting next_dagrun for market_data_pipeline to 2026-06-11 13:40:00+00:00, run_after=2026-06-11 13:45:00+00:00
[2026-06-11T13:45:26.290+0000] {processor.py:208} INFO - Processing /opt/airflow/dags/market)data_dag.py took 0.143 seconds
[2026-06-11T13:45:56.393+0000] {processor.py:186} INFO - Started process (PID=269) to work on /opt/airflow/dags/market)data_dag.py
[2026-06-11T13:45:56.394+0000] {processor.py:914} INFO - Processing file /opt/airflow/dags/market)data_dag.py for tasks to queue
[2026-06-11T13:45:56.395+0000] {logging_mixin.py:190} INFO - [2026-06-11T13:45:56.395+0000] {dagbag.py:588} INFO - Filling up the DagBag from /opt/airflow/dags/market)data_dag.py
[2026-06-11T13:45:56.401+0000] {processor.py:925} INFO - DAG(s) 'market_data_pipeline' retrieved from /opt/airflow/dags/market)data_dag.py
[2026-06-11T13:45:56.420+0000] {logging_mixin.py:190} INFO - [2026-06-11T13:45:56.420+0000] {dag.py:3239} INFO - Sync 1 DAGs
[2026-06-11T13:45:56.437+0000] {logging_mixin.py:190} INFO - [2026-06-11T13:45:56.437+0000] {dag.py:4180} INFO - Setting next_dagrun for market_data_pipeline to 2026-06-11 13:40:00+00:00, run_after=2026-06-11 13:45:00+00:00
[2026-06-11T13:45:56.448+0000] {processor.py:208} INFO - Processing /opt/airflow/dags/market)data_dag.py took 0.059 seconds
[2026-06-11T13:46:26.525+0000] {processor.py:186} INFO - Started process (PID=274) to work on /opt/airflow/dags/market)data_dag.py
[2026-06-11T13:46:26.525+0000] {processor.py:914} INFO - Processing file /opt/airflow/dags/market)data_dag.py for tasks to queue
[2026-06-11T13:46:26.527+0000] {logging_mixin.py:190} INFO - [2026-06-11T13:46:26.527+0000] {dagbag.py:588} INFO - Filling up the DagBag from /opt/airflow/dags/market)data_dag.py
[2026-06-11T13:46:26.535+0000] {processor.py:925} INFO - DAG(s) 'market_data_pipeline' retrieved from /opt/airflow/dags/market)data_dag.py
[2026-06-11T13:46:26.553+0000] {logging_mixin.py:190} INFO - [2026-06-11T13:46:26.552+0000] {dag.py:3239} INFO - Sync 1 DAGs
[2026-06-11T13:46:26.567+0000] {logging_mixin.py:190} INFO - [2026-06-11T13:46:26.567+0000] {dag.py:4180} INFO - Setting next_dagrun for market_data_pipeline to 2026-06-11 13:40:00+00:00, run_after=2026-06-11 13:45:00+00:00
[2026-06-11T13:46:26.577+0000] {processor.py:208} INFO - Processing /opt/airflow/dags/market)data_dag.py took 0.057 seconds
[2026-06-11T13:46:56.652+0000] {processor.py:186} INFO - Started process (PID=279) to work on /opt/airflow/dags/market)data_dag.py
[2026-06-11T13:46:56.652+0000] {processor.py:914} INFO - Processing file /opt/airflow/dags/market)data_dag.py for tasks to queue
[2026-06-11T13:46:56.655+0000] {logging_mixin.py:190} INFO - [2026-06-11T13:46:56.655+0000] {dagbag.py:588} INFO - Filling up the DagBag from /opt/airflow/dags/market)data_dag.py
[2026-06-11T13:46:56.661+0000] {processor.py:925} INFO - DAG(s) 'market_data_pipeline' retrieved from /opt/airflow/dags/market)data_dag.py
[2026-06-11T13:46:56.679+0000] {logging_mixin.py:190} INFO - [2026-06-11T13:46:56.678+0000] {dag.py:3239} INFO - Sync 1 DAGs
[2026-06-11T13:46:56.694+0000] {logging_mixin.py:190} INFO - [2026-06-11T13:46:56.694+0000] {dag.py:4180} INFO - Setting next_dagrun for market_data_pipeline to 2026-06-11 13:40:00+00:00, run_after=2026-06-11 13:45:00+00:00
[2026-06-11T13:46:56.704+0000] {processor.py:208} INFO - Processing /opt/airflow/dags/market)data_dag.py took 0.056 seconds
[2026-06-11T13:47:26.770+0000] {processor.py:186} INFO - Started process (PID=284) to work on /opt/airflow/dags/market)data_dag.py
[2026-06-11T13:47:26.771+0000] {processor.py:914} INFO - Processing file /opt/airflow/dags/market)data_dag.py for tasks to queue
[2026-06-11T13:47:26.772+0000] {logging_mixin.py:190} INFO - [2026-06-11T13:47:26.772+0000] {dagbag.py:588} INFO - Filling up the DagBag from /opt/airflow/dags/market)data_dag.py
[2026-06-11T13:47:26.778+0000] {processor.py:925} INFO - DAG(s) 'market_data_pipeline' retrieved from /opt/airflow/dags/market)data_dag.py
[2026-06-11T13:47:26.796+0000] {logging_mixin.py:190} INFO - [2026-06-11T13:47:26.796+0000] {dag.py:3239} INFO - Sync 1 DAGs
[2026-06-11T13:47:26.812+0000] {logging_mixin.py:190} INFO - [2026-06-11T13:47:26.811+0000] {dag.py:4180} INFO - Setting next_dagrun for market_data_pipeline to 2026-06-11 13:40:00+00:00, run_after=2026-06-11 13:45:00+00:00
[2026-06-11T13:47:26.822+0000] {processor.py:208} INFO - Processing /opt/airflow/dags/market)data_dag.py took 0.056 seconds
[2026-06-11T13:47:56.912+0000] {processor.py:186} INFO - Started process (PID=289) to work on /opt/airflow/dags/market)data_dag.py
[2026-06-11T13:47:56.913+0000] {processor.py:914} INFO - Processing file /opt/airflow/dags/market)data_dag.py for tasks to queue
[2026-06-11T13:47:56.914+0000] {logging_mixin.py:190} INFO - [2026-06-11T13:47:56.913+0000] {dagbag.py:588} INFO - Filling up the DagBag from /opt/airflow/dags/market)data_dag.py
[2026-06-11T13:47:56.919+0000] {processor.py:925} INFO - DAG(s) 'market_data_pipeline' retrieved from /opt/airflow/dags/market)data_dag.py
[2026-06-11T13:47:56.934+0000] {logging_mixin.py:190} INFO - [2026-06-11T13:47:56.934+0000] {dag.py:3239} INFO - Sync 1 DAGs
[2026-06-11T13:47:56.948+0000] {logging_mixin.py:190} INFO - [2026-06-11T13:47:56.948+0000] {dag.py:4180} INFO - Setting next_dagrun for market_data_pipeline to 2026-06-11 13:40:00+00:00, run_after=2026-06-11 13:45:00+00:00
[2026-06-11T13:47:56.958+0000] {processor.py:208} INFO - Processing /opt/airflow/dags/market)data_dag.py took 0.049 seconds
[2026-06-11T13:48:27.048+0000] {processor.py:186} INFO - Started process (PID=294) to work on /opt/airflow/dags/market)data_dag.py
[2026-06-11T13:48:27.048+0000] {processor.py:914} INFO - Processing file /opt/airflow/dags/market)data_dag.py for tasks to queue
[2026-06-11T13:48:27.049+0000] {logging_mixin.py:190} INFO - [2026-06-11T13:48:27.049+0000] {dagbag.py:588} INFO - Filling up the DagBag from /opt/airflow/dags/market)data_dag.py
[2026-06-11T13:48:27.055+0000] {processor.py:925} INFO - DAG(s) 'market_data_pipeline' retrieved from /opt/airflow/dags/market)data_dag.py
[2026-06-11T13:48:27.071+0000] {logging_mixin.py:190} INFO - [2026-06-11T13:48:27.071+0000] {dag.py:3239} INFO - Sync 1 DAGs
[2026-06-11T13:48:27.087+0000] {logging_mixin.py:190} INFO - [2026-06-11T13:48:27.087+0000] {dag.py:4180} INFO - Setting next_dagrun for market_data_pipeline to 2026-06-11 13:40:00+00:00, run_after=2026-06-11 13:45:00+00:00
[2026-06-11T13:48:27.097+0000] {processor.py:208} INFO - Processing /opt/airflow/dags/market)data_dag.py took 0.053 seconds
[2026-06-11T13:48:57.166+0000] {processor.py:186} INFO - Started process (PID=299) to work on /opt/airflow/dags/market)data_dag.py
[2026-06-11T13:48:57.166+0000] {processor.py:914} INFO - Processing file /opt/airflow/dags/market)data_dag.py for tasks to queue
[2026-06-11T13:48:57.167+0000] {logging_mixin.py:190} INFO - [2026-06-11T13:48:57.167+0000] {dagbag.py:588} INFO - Filling up the DagBag from /opt/airflow/dags/market)data_dag.py
[2026-06-11T13:48:57.173+0000] {processor.py:925} INFO - DAG(s) 'market_data_pipeline' retrieved from /opt/airflow/dags/market)data_dag.py
[2026-06-11T13:48:57.188+0000] {logging_mixin.py:190} INFO - [2026-06-11T13:48:57.188+0000] {dag.py:3239} INFO - Sync 1 DAGs
[2026-06-11T13:48:57.202+0000] {logging_mixin.py:190} INFO - [2026-06-11T13:48:57.202+0000] {dag.py:4180} INFO - Setting next_dagrun for market_data_pipeline to 2026-06-11 13:40:00+00:00, run_after=2026-06-11 13:45:00+00:00
[2026-06-11T13:48:57.212+0000] {processor.py:208} INFO - Processing /opt/airflow/dags/market)data_dag.py took 0.050 seconds
[2026-06-11T13:49:27.304+0000] {processor.py:186} INFO - Started process (PID=304) to work on /opt/airflow/dags/market)data_dag.py
[2026-06-11T13:49:27.305+0000] {processor.py:914} INFO - Processing file /opt/airflow/dags/market)data_dag.py for tasks to queue
[2026-06-11T13:49:27.307+0000] {logging_mixin.py:190} INFO - [2026-06-11T13:49:27.306+0000] {dagbag.py:588} INFO - Filling up the DagBag from /opt/airflow/dags/market)data_dag.py
[2026-06-11T13:49:27.312+0000] {processor.py:925} INFO - DAG(s) 'market_data_pipeline' retrieved from /opt/airflow/dags/market)data_dag.py
[2026-06-11T13:49:27.328+0000] {logging_mixin.py:190} INFO - [2026-06-11T13:49:27.328+0000] {dag.py:3239} INFO - Sync 1 DAGs
[2026-06-11T13:49:27.342+0000] {logging_mixin.py:190} INFO - [2026-06-11T13:49:27.342+0000] {dag.py:4180} INFO - Setting next_dagrun for market_data_pipeline to 2026-06-11 13:40:00+00:00, run_after=2026-06-11 13:45:00+00:00
[2026-06-11T13:49:27.352+0000] {processor.py:208} INFO - Processing /opt/airflow/dags/market)data_dag.py took 0.051 seconds
[2026-06-11T13:49:57.417+0000] {processor.py:186} INFO - Started process (PID=309) to work on /opt/airflow/dags/market)data_dag.py
[2026-06-11T13:49:57.418+0000] {processor.py:914} INFO - Processing file /opt/airflow/dags/market)data_dag.py for tasks to queue
[2026-06-11T13:49:57.419+0000] {logging_mixin.py:190} INFO - [2026-06-11T13:49:57.419+0000] {dagbag.py:588} INFO - Filling up the DagBag from /opt/airflow/dags/market)data_dag.py
[2026-06-11T13:49:57.425+0000] {processor.py:925} INFO - DAG(s) 'market_data_pipeline' retrieved from /opt/airflow/dags/market)data_dag.py
[2026-06-11T13:49:57.441+0000] {logging_mixin.py:190} INFO - [2026-06-11T13:49:57.441+0000] {dag.py:3239} INFO - Sync 1 DAGs
[2026-06-11T13:49:57.457+0000] {logging_mixin.py:190} INFO - [2026-06-11T13:49:57.457+0000] {dag.py:4180} INFO - Setting next_dagrun for market_data_pipeline to 2026-06-11 13:40:00+00:00, run_after=2026-06-11 13:45:00+00:00
[2026-06-11T13:49:57.468+0000] {processor.py:208} INFO - Processing /opt/airflow/dags/market)data_dag.py took 0.054 seconds
[2026-06-11T13:50:27.557+0000] {processor.py:186} INFO - Started process (PID=314) to work on /opt/airflow/dags/market)data_dag.py
[2026-06-11T13:50:27.558+0000] {processor.py:914} INFO - Processing file /opt/airflow/dags/market)data_dag.py for tasks to queue
[2026-06-11T13:50:27.559+0000] {logging_mixin.py:190} INFO - [2026-06-11T13:50:27.559+0000] {dagbag.py:588} INFO - Filling up the DagBag from /opt/airflow/dags/market)data_dag.py
[2026-06-11T13:50:27.564+0000] {processor.py:925} INFO - DAG(s) 'market_data_pipeline' retrieved from /opt/airflow/dags/market)data_dag.py
[2026-06-11T13:50:27.580+0000] {logging_mixin.py:190} INFO - [2026-06-11T13:50:27.579+0000] {dag.py:3239} INFO - Sync 1 DAGs
[2026-06-11T13:50:27.593+0000] {logging_mixin.py:190} INFO - [2026-06-11T13:50:27.593+0000] {dag.py:4180} INFO - Setting next_dagrun for market_data_pipeline to 2026-06-11 13:45:00+00:00, run_after=2026-06-11 13:50:00+00:00
[2026-06-11T13:50:27.602+0000] {processor.py:208} INFO - Processing /opt/airflow/dags/market)data_dag.py took 0.048 seconds
[2026-06-11T13:50:57.669+0000] {processor.py:186} INFO - Started process (PID=319) to work on /opt/airflow/dags/market)data_dag.py
[2026-06-11T13:50:57.670+0000] {processor.py:914} INFO - Processing file /opt/airflow/dags/market)data_dag.py for tasks to queue
[2026-06-11T13:50:57.672+0000] {logging_mixin.py:190} INFO - [2026-06-11T13:50:57.671+0000] {dagbag.py:588} INFO - Filling up the DagBag from /opt/airflow/dags/market)data_dag.py
[2026-06-11T13:50:57.677+0000] {processor.py:925} INFO - DAG(s) 'market_data_pipeline' retrieved from /opt/airflow/dags/market)data_dag.py
[2026-06-11T13:50:57.693+0000] {logging_mixin.py:190} INFO - [2026-06-11T13:50:57.693+0000] {dag.py:3239} INFO - Sync 1 DAGs
[2026-06-11T13:50:57.706+0000] {logging_mixin.py:190} INFO - [2026-06-11T13:50:57.706+0000] {dag.py:4180} INFO - Setting next_dagrun for market_data_pipeline to 2026-06-11 13:45:00+00:00, run_after=2026-06-11 13:50:00+00:00
[2026-06-11T13:50:57.717+0000] {processor.py:208} INFO - Processing /opt/airflow/dags/market)data_dag.py took 0.051 seconds
[2026-06-11T13:51:27.804+0000] {processor.py:186} INFO - Started process (PID=324) to work on /opt/airflow/dags/market)data_dag.py
[2026-06-11T13:51:27.805+0000] {processor.py:914} INFO - Processing file /opt/airflow/dags/market)data_dag.py for tasks to queue
[2026-06-11T13:51:27.807+0000] {logging_mixin.py:190} INFO - [2026-06-11T13:51:27.806+0000] {dagbag.py:588} INFO - Filling up the DagBag from /opt/airflow/dags/market)data_dag.py
[2026-06-11T13:51:27.817+0000] {processor.py:925} INFO - DAG(s) 'market_data_pipeline' retrieved from /opt/airflow/dags/market)data_dag.py
[2026-06-11T13:51:27.836+0000] {logging_mixin.py:190} INFO - [2026-06-11T13:51:27.836+0000] {dag.py:3239} INFO - Sync 1 DAGs
[2026-06-11T13:51:27.851+0000] {logging_mixin.py:190} INFO - [2026-06-11T13:51:27.851+0000] {dag.py:4180} INFO - Setting next_dagrun for market_data_pipeline to 2026-06-11 13:45:00+00:00, run_after=2026-06-11 13:50:00+00:00
[2026-06-11T13:51:27.861+0000] {processor.py:208} INFO - Processing /opt/airflow/dags/market)data_dag.py took 0.061 seconds
[2026-06-11T13:51:57.914+0000] {processor.py:186} INFO - Started process (PID=329) to work on /opt/airflow/dags/market)data_dag.py
[2026-06-11T13:51:57.915+0000] {processor.py:914} INFO - Processing file /opt/airflow/dags/market)data_dag.py for tasks to queue
[2026-06-11T13:51:57.916+0000] {logging_mixin.py:190} INFO - [2026-06-11T13:51:57.916+0000] {dagbag.py:588} INFO - Filling up the DagBag from /opt/airflow/dags/market)data_dag.py
[2026-06-11T13:51:57.921+0000] {processor.py:925} INFO - DAG(s) 'market_data_pipeline' retrieved from /opt/airflow/dags/market)data_dag.py
[2026-06-11T13:51:57.937+0000] {logging_mixin.py:190} INFO - [2026-06-11T13:51:57.937+0000] {dag.py:3239} INFO - Sync 1 DAGs
[2026-06-11T13:51:57.951+0000] {logging_mixin.py:190} INFO - [2026-06-11T13:51:57.951+0000] {dag.py:4180} INFO - Setting next_dagrun for market_data_pipeline to 2026-06-11 13:45:00+00:00, run_after=2026-06-11 13:50:00+00:00
[2026-06-11T13:51:57.961+0000] {processor.py:208} INFO - Processing /opt/airflow/dags/market)data_dag.py took 0.050 seconds
[2026-06-11T13:52:28.059+0000] {processor.py:186} INFO - Started process (PID=334) to work on /opt/airflow/dags/market)data_dag.py
[2026-06-11T13:52:28.060+0000] {processor.py:914} INFO - Processing file /opt/airflow/dags/market)data_dag.py for tasks to queue
[2026-06-11T13:52:28.061+0000] {logging_mixin.py:190} INFO - [2026-06-11T13:52:28.060+0000] {dagbag.py:588} INFO - Filling up the DagBag from /opt/airflow/dags/market)data_dag.py
[2026-06-11T13:52:28.066+0000] {processor.py:925} INFO - DAG(s) 'market_data_pipeline' retrieved from /opt/airflow/dags/market)data_dag.py
[2026-06-11T13:52:28.080+0000] {logging_mixin.py:190} INFO - [2026-06-11T13:52:28.080+0000] {dag.py:3239} INFO - Sync 1 DAGs
[2026-06-11T13:52:28.094+0000] {logging_mixin.py:190} INFO - [2026-06-11T13:52:28.094+0000] {dag.py:4180} INFO - Setting next_dagrun for market_data_pipeline to 2026-06-11 13:45:00+00:00, run_after=2026-06-11 13:50:00+00:00
[2026-06-11T13:52:28.104+0000] {processor.py:208} INFO - Processing /opt/airflow/dags/market)data_dag.py took 0.049 seconds
[2026-06-11T13:52:58.182+0000] {processor.py:186} INFO - Started process (PID=339) to work on /opt/airflow/dags/market)data_dag.py
[2026-06-11T13:52:58.183+0000] {processor.py:914} INFO - Processing file /opt/airflow/dags/market)data_dag.py for tasks to queue
[2026-06-11T13:52:58.184+0000] {logging_mixin.py:190} INFO - [2026-06-11T13:52:58.184+0000] {dagbag.py:588} INFO - Filling up the DagBag from /opt/airflow/dags/market)data_dag.py
[2026-06-11T13:52:58.189+0000] {processor.py:925} INFO - DAG(s) 'market_data_pipeline' retrieved from /opt/airflow/dags/market)data_dag.py
[2026-06-11T13:52:58.204+0000] {logging_mixin.py:190} INFO - [2026-06-11T13:52:58.204+0000] {dag.py:3239} INFO - Sync 1 DAGs
[2026-06-11T13:52:58.220+0000] {logging_mixin.py:190} INFO - [2026-06-11T13:52:58.220+0000] {dag.py:4180} INFO - Setting next_dagrun for market_data_pipeline to 2026-06-11 13:45:00+00:00, run_after=2026-06-11 13:50:00+00:00
[2026-06-11T13:52:58.230+0000] {processor.py:208} INFO - Processing /opt/airflow/dags/market)data_dag.py took 0.051 seconds
[2026-06-11T13:53:28.305+0000] {processor.py:186} INFO - Started process (PID=344) to work on /opt/airflow/dags/market)data_dag.py
[2026-06-11T13:53:28.306+0000] {processor.py:914} INFO - Processing file /opt/airflow/dags/market)data_dag.py for tasks to queue
[2026-06-11T13:53:28.308+0000] {logging_mixin.py:190} INFO - [2026-06-11T13:53:28.307+0000] {dagbag.py:588} INFO - Filling up the DagBag from /opt/airflow/dags/market)data_dag.py
[2026-06-11T13:53:28.313+0000] {processor.py:925} INFO - DAG(s) 'market_data_pipeline' retrieved from /opt/airflow/dags/market)data_dag.py
[2026-06-11T13:53:28.328+0000] {logging_mixin.py:190} INFO - [2026-06-11T13:53:28.328+0000] {dag.py:3239} INFO - Sync 1 DAGs
[2026-06-11T13:53:28.342+0000] {logging_mixin.py:190} INFO - [2026-06-11T13:53:28.342+0000] {dag.py:4180} INFO - Setting next_dagrun for market_data_pipeline to 2026-06-11 13:45:00+00:00, run_after=2026-06-11 13:50:00+00:00
[2026-06-11T13:53:28.352+0000] {processor.py:208} INFO - Processing /opt/airflow/dags/market)data_dag.py took 0.050 seconds
[2026-06-11T13:53:58.432+0000] {processor.py:186} INFO - Started process (PID=349) to work on /opt/airflow/dags/market)data_dag.py
[2026-06-11T13:53:58.433+0000] {processor.py:914} INFO - Processing file /opt/airflow/dags/market)data_dag.py for tasks to queue
[2026-06-11T13:53:58.434+0000] {logging_mixin.py:190} INFO - [2026-06-11T13:53:58.434+0000] {dagbag.py:588} INFO - Filling up the DagBag from /opt/airflow/dags/market)data_dag.py
[2026-06-11T13:53:58.439+0000] {processor.py:925} INFO - DAG(s) 'market_data_pipeline' retrieved from /opt/airflow/dags/market)data_dag.py
[2026-06-11T13:53:58.455+0000] {logging_mixin.py:190} INFO - [2026-06-11T13:53:58.454+0000] {dag.py:3239} INFO - Sync 1 DAGs
[2026-06-11T13:53:58.468+0000] {logging_mixin.py:190} INFO - [2026-06-11T13:53:58.468+0000] {dag.py:4180} INFO - Setting next_dagrun for market_data_pipeline to 2026-06-11 13:45:00+00:00, run_after=2026-06-11 13:50:00+00:00
[2026-06-11T13:53:58.478+0000] {processor.py:208} INFO - Processing /opt/airflow/dags/market)data_dag.py took 0.049 seconds
[2026-06-11T13:54:28.545+0000] {processor.py:186} INFO - Started process (PID=354) to work on /opt/airflow/dags/market)data_dag.py
[2026-06-11T13:54:28.546+0000] {processor.py:914} INFO - Processing file /opt/airflow/dags/market)data_dag.py for tasks to queue
[2026-06-11T13:54:28.548+0000] {logging_mixin.py:190} INFO - [2026-06-11T13:54:28.548+0000] {dagbag.py:588} INFO - Filling up the DagBag from /opt/airflow/dags/market)data_dag.py
[2026-06-11T13:54:28.553+0000] {processor.py:925} INFO - DAG(s) 'market_data_pipeline' retrieved from /opt/airflow/dags/market)data_dag.py
[2026-06-11T13:54:28.569+0000] {logging_mixin.py:190} INFO - [2026-06-11T13:54:28.568+0000] {dag.py:3239} INFO - Sync 1 DAGs
[2026-06-11T13:54:28.582+0000] {logging_mixin.py:190} INFO - [2026-06-11T13:54:28.582+0000] {dag.py:4180} INFO - Setting next_dagrun for market_data_pipeline to 2026-06-11 13:45:00+00:00, run_after=2026-06-11 13:50:00+00:00
[2026-06-11T13:54:28.591+0000] {processor.py:208} INFO - Processing /opt/airflow/dags/market)data_dag.py took 0.049 seconds
[2026-06-11T13:54:58.676+0000] {processor.py:186} INFO - Started process (PID=359) to work on /opt/airflow/dags/market)data_dag.py
[2026-06-11T13:54:58.677+0000] {processor.py:914} INFO - Processing file /opt/airflow/dags/market)data_dag.py for tasks to queue
[2026-06-11T13:54:58.678+0000] {logging_mixin.py:190} INFO - [2026-06-11T13:54:58.678+0000] {dagbag.py:588} INFO - Filling up the DagBag from /opt/airflow/dags/market)data_dag.py
[2026-06-11T13:54:58.683+0000] {processor.py:925} INFO - DAG(s) 'market_data_pipeline' retrieved from /opt/airflow/dags/market)data_dag.py
[2026-06-11T13:54:58.699+0000] {logging_mixin.py:190} INFO - [2026-06-11T13:54:58.699+0000] {dag.py:3239} INFO - Sync 1 DAGs
[2026-06-11T13:54:58.712+0000] {logging_mixin.py:190} INFO - [2026-06-11T13:54:58.712+0000] {dag.py:4180} INFO - Setting next_dagrun for market_data_pipeline to 2026-06-11 13:45:00+00:00, run_after=2026-06-11 13:50:00+00:00
[2026-06-11T13:54:58.722+0000] {processor.py:208} INFO - Processing /opt/airflow/dags/market)data_dag.py took 0.049 seconds
[2026-06-11T13:55:28.804+0000] {processor.py:186} INFO - Started process (PID=364) to work on /opt/airflow/dags/market)data_dag.py
[2026-06-11T13:55:28.805+0000] {processor.py:914} INFO - Processing file /opt/airflow/dags/market)data_dag.py for tasks to queue
[2026-06-11T13:55:28.806+0000] {logging_mixin.py:190} INFO - [2026-06-11T13:55:28.806+0000] {dagbag.py:588} INFO - Filling up the DagBag from /opt/airflow/dags/market)data_dag.py
[2026-06-11T13:55:28.812+0000] {processor.py:925} INFO - DAG(s) 'market_data_pipeline' retrieved from /opt/airflow/dags/market)data_dag.py
[2026-06-11T13:55:28.828+0000] {logging_mixin.py:190} INFO - [2026-06-11T13:55:28.828+0000] {dag.py:3239} INFO - Sync 1 DAGs
[2026-06-11T13:55:28.842+0000] {logging_mixin.py:190} INFO - [2026-06-11T13:55:28.841+0000] {dag.py:4180} INFO - Setting next_dagrun for market_data_pipeline to 2026-06-11 13:50:00+00:00, run_after=2026-06-11 13:55:00+00:00
[2026-06-11T13:55:28.851+0000] {processor.py:208} INFO - Processing /opt/airflow/dags/market)data_dag.py took 0.050 seconds
[2026-06-11T13:55:58.931+0000] {processor.py:186} INFO - Started process (PID=369) to work on /opt/airflow/dags/market)data_dag.py
[2026-06-11T13:55:58.932+0000] {processor.py:914} INFO - Processing file /opt/airflow/dags/market)data_dag.py for tasks to queue
[2026-06-11T13:55:58.933+0000] {logging_mixin.py:190} INFO - [2026-06-11T13:55:58.932+0000] {dagbag.py:588} INFO - Filling up the DagBag from /opt/airflow/dags/market)data_dag.py
[2026-06-11T13:55:58.938+0000] {processor.py:925} INFO - DAG(s) 'market_data_pipeline' retrieved from /opt/airflow/dags/market)data_dag.py
[2026-06-11T13:55:58.953+0000] {logging_mixin.py:190} INFO - [2026-06-11T13:55:58.953+0000] {dag.py:3239} INFO - Sync 1 DAGs
[2026-06-11T13:55:58.966+0000] {logging_mixin.py:190} INFO - [2026-06-11T13:55:58.966+0000] {dag.py:4180} INFO - Setting next_dagrun for market_data_pipeline to 2026-06-11 13:50:00+00:00, run_after=2026-06-11 13:55:00+00:00
[2026-06-11T13:55:58.975+0000] {processor.py:208} INFO - Processing /opt/airflow/dags/market)data_dag.py took 0.048 seconds
[2026-06-11T13:56:29.049+0000] {processor.py:186} INFO - Started process (PID=374) to work on /opt/airflow/dags/market)data_dag.py
[2026-06-11T13:56:29.050+0000] {processor.py:914} INFO - Processing file /opt/airflow/dags/market)data_dag.py for tasks to queue
[2026-06-11T13:56:29.051+0000] {logging_mixin.py:190} INFO - [2026-06-11T13:56:29.051+0000] {dagbag.py:588} INFO - Filling up the DagBag from /opt/airflow/dags/market)data_dag.py
[2026-06-11T13:56:29.056+0000] {processor.py:925} INFO - DAG(s) 'market_data_pipeline' retrieved from /opt/airflow/dags/market)data_dag.py
[2026-06-11T13:56:29.071+0000] {logging_mixin.py:190} INFO - [2026-06-11T13:56:29.071+0000] {dag.py:3239} INFO - Sync 1 DAGs
[2026-06-11T13:56:29.084+0000] {logging_mixin.py:190} INFO - [2026-06-11T13:56:29.084+0000] {dag.py:4180} INFO - Setting next_dagrun for market_data_pipeline to 2026-06-11 13:50:00+00:00, run_after=2026-06-11 13:55:00+00:00
[2026-06-11T13:56:29.094+0000] {processor.py:208} INFO - Processing /opt/airflow/dags/market)data_dag.py took 0.049 seconds
[2026-06-11T13:56:59.164+0000] {processor.py:186} INFO - Started process (PID=379) to work on /opt/airflow/dags/market)data_dag.py
[2026-06-11T13:56:59.165+0000] {processor.py:914} INFO - Processing file /opt/airflow/dags/market)data_dag.py for tasks to queue
[2026-06-11T13:56:59.166+0000] {logging_mixin.py:190} INFO - [2026-06-11T13:56:59.166+0000] {dagbag.py:588} INFO - Filling up the DagBag from /opt/airflow/dags/market)data_dag.py
[2026-06-11T13:56:59.171+0000] {processor.py:925} INFO - DAG(s) 'market_data_pipeline' retrieved from /opt/airflow/dags/market)data_dag.py
[2026-06-11T13:56:59.186+0000] {logging_mixin.py:190} INFO - [2026-06-11T13:56:59.186+0000] {dag.py:3239} INFO - Sync 1 DAGs
[2026-06-11T13:56:59.199+0000] {logging_mixin.py:190} INFO - [2026-06-11T13:56:59.199+0000] {dag.py:4180} INFO - Setting next_dagrun for market_data_pipeline to 2026-06-11 13:50:00+00:00, run_after=2026-06-11 13:55:00+00:00
[2026-06-11T13:56:59.208+0000] {processor.py:208} INFO - Processing /opt/airflow/dags/market)data_dag.py took 0.047 seconds
[2026-06-11T13:57:29.305+0000] {processor.py:186} INFO - Started process (PID=384) to work on /opt/airflow/dags/market)data_dag.py
[2026-06-11T13:57:29.305+0000] {processor.py:914} INFO - Processing file /opt/airflow/dags/market)data_dag.py for tasks to queue
[2026-06-11T13:57:29.307+0000] {logging_mixin.py:190} INFO - [2026-06-11T13:57:29.306+0000] {dagbag.py:588} INFO - Filling up the DagBag from /opt/airflow/dags/market)data_dag.py
[2026-06-11T13:57:29.312+0000] {processor.py:925} INFO - DAG(s) 'market_data_pipeline' retrieved from /opt/airflow/dags/market)data_dag.py
[2026-06-11T13:57:29.327+0000] {logging_mixin.py:190} INFO - [2026-06-11T13:57:29.327+0000] {dag.py:3239} INFO - Sync 1 DAGs
[2026-06-11T13:57:29.340+0000] {logging_mixin.py:190} INFO - [2026-06-11T13:57:29.340+0000] {dag.py:4180} INFO - Setting next_dagrun for market_data_pipeline to 2026-06-11 13:50:00+00:00, run_after=2026-06-11 13:55:00+00:00
[2026-06-11T13:57:29.349+0000] {processor.py:208} INFO - Processing /opt/airflow/dags/market)data_dag.py took 0.048 seconds
[2026-06-11T13:57:59.416+0000] {processor.py:186} INFO - Started process (PID=389) to work on /opt/airflow/dags/market)data_dag.py
[2026-06-11T13:57:59.417+0000] {processor.py:914} INFO - Processing file /opt/airflow/dags/market)data_dag.py for tasks to queue
[2026-06-11T13:57:59.418+0000] {logging_mixin.py:190} INFO - [2026-06-11T13:57:59.418+0000] {dagbag.py:588} INFO - Filling up the DagBag from /opt/airflow/dags/market)data_dag.py
[2026-06-11T13:57:59.423+0000] {processor.py:925} INFO - DAG(s) 'market_data_pipeline' retrieved from /opt/airflow/dags/market)data_dag.py
[2026-06-11T13:57:59.440+0000] {logging_mixin.py:190} INFO - [2026-06-11T13:57:59.440+0000] {dag.py:3239} INFO - Sync 1 DAGs
[2026-06-11T13:57:59.454+0000] {logging_mixin.py:190} INFO - [2026-06-11T13:57:59.454+0000] {dag.py:4180} INFO - Setting next_dagrun for market_data_pipeline to 2026-06-11 13:50:00+00:00, run_after=2026-06-11 13:55:00+00:00
[2026-06-11T13:57:59.465+0000] {processor.py:208} INFO - Processing /opt/airflow/dags/market)data_dag.py took 0.052 seconds
[2026-06-11T13:58:29.571+0000] {processor.py:186} INFO - Started process (PID=394) to work on /opt/airflow/dags/market)data_dag.py
[2026-06-11T13:58:29.572+0000] {processor.py:914} INFO - Processing file /opt/airflow/dags/market)data_dag.py for tasks to queue
[2026-06-11T13:58:29.574+0000] {logging_mixin.py:190} INFO - [2026-06-11T13:58:29.573+0000] {dagbag.py:588} INFO - Filling up the DagBag from /opt/airflow/dags/market)data_dag.py
[2026-06-11T13:58:29.580+0000] {processor.py:925} INFO - DAG(s) 'market_data_pipeline' retrieved from /opt/airflow/dags/market)data_dag.py
[2026-06-11T13:58:29.598+0000] {logging_mixin.py:190} INFO - [2026-06-11T13:58:29.598+0000] {dag.py:3239} INFO - Sync 1 DAGs
[2026-06-11T13:58:29.612+0000] {logging_mixin.py:190} INFO - [2026-06-11T13:58:29.612+0000] {dag.py:4180} INFO - Setting next_dagrun for market_data_pipeline to 2026-06-11 13:50:00+00:00, run_after=2026-06-11 13:55:00+00:00
[2026-06-11T13:58:29.621+0000] {processor.py:208} INFO - Processing /opt/airflow/dags/market)data_dag.py took 0.054 seconds
[2026-06-11T13:58:59.729+0000] {processor.py:186} INFO - Started process (PID=399) to work on /opt/airflow/dags/market)data_dag.py
[2026-06-11T13:58:59.729+0000] {processor.py:914} INFO - Processing file /opt/airflow/dags/market)data_dag.py for tasks to queue
[2026-06-11T13:58:59.731+0000] {logging_mixin.py:190} INFO - [2026-06-11T13:58:59.730+0000] {dagbag.py:588} INFO - Filling up the DagBag from /opt/airflow/dags/market)data_dag.py
[2026-06-11T13:58:59.736+0000] {processor.py:925} INFO - DAG(s) 'market_data_pipeline' retrieved from /opt/airflow/dags/market)data_dag.py
[2026-06-11T13:58:59.753+0000] {logging_mixin.py:190} INFO - [2026-06-11T13:58:59.753+0000] {dag.py:3239} INFO - Sync 1 DAGs
[2026-06-11T13:58:59.770+0000] {logging_mixin.py:190} INFO - [2026-06-11T13:58:59.770+0000] {dag.py:4180} INFO - Setting next_dagrun for market_data_pipeline to 2026-06-11 13:50:00+00:00, run_after=2026-06-11 13:55:00+00:00
[2026-06-11T13:58:59.782+0000] {processor.py:208} INFO - Processing /opt/airflow/dags/market)data_dag.py took 0.057 seconds
[2026-06-11T13:59:29.870+0000] {processor.py:186} INFO - Started process (PID=404) to work on /opt/airflow/dags/market)data_dag.py
[2026-06-11T13:59:29.870+0000] {processor.py:914} INFO - Processing file /opt/airflow/dags/market)data_dag.py for tasks to queue
[2026-06-11T13:59:29.872+0000] {logging_mixin.py:190} INFO - [2026-06-11T13:59:29.871+0000] {dagbag.py:588} INFO - Filling up the DagBag from /opt/airflow/dags/market)data_dag.py
[2026-06-11T13:59:29.877+0000] {processor.py:925} INFO - DAG(s) 'market_data_pipeline' retrieved from /opt/airflow/dags/market)data_dag.py
[2026-06-11T13:59:29.895+0000] {logging_mixin.py:190} INFO - [2026-06-11T13:59:29.895+0000] {dag.py:3239} INFO - Sync 1 DAGs
[2026-06-11T13:59:29.910+0000] {logging_mixin.py:190} INFO - [2026-06-11T13:59:29.909+0000] {dag.py:4180} INFO - Setting next_dagrun for market_data_pipeline to 2026-06-11 13:50:00+00:00, run_after=2026-06-11 13:55:00+00:00
[2026-06-11T13:59:29.920+0000] {processor.py:208} INFO - Processing /opt/airflow/dags/market)data_dag.py took 0.055 seconds
[2026-06-11T13:59:59.982+0000] {processor.py:186} INFO - Started process (PID=409) to work on /opt/airflow/dags/market)data_dag.py
[2026-06-11T13:59:59.982+0000] {processor.py:914} INFO - Processing file /opt/airflow/dags/market)data_dag.py for tasks to queue
[2026-06-11T13:59:59.983+0000] {logging_mixin.py:190} INFO - [2026-06-11T13:59:59.983+0000] {dagbag.py:588} INFO - Filling up the DagBag from /opt/airflow/dags/market)data_dag.py
[2026-06-11T13:59:59.989+0000] {processor.py:925} INFO - DAG(s) 'market_data_pipeline' retrieved from /opt/airflow/dags/market)data_dag.py
[2026-06-11T14:00:00.007+0000] {logging_mixin.py:190} INFO - [2026-06-11T14:00:00.007+0000] {dag.py:3239} INFO - Sync 1 DAGs
[2026-06-11T14:00:00.022+0000] {logging_mixin.py:190} INFO - [2026-06-11T14:00:00.022+0000] {dag.py:4180} INFO - Setting next_dagrun for market_data_pipeline to 2026-06-11 13:55:00+00:00, run_after=2026-06-11 14:00:00+00:00
[2026-06-11T14:00:00.033+0000] {processor.py:208} INFO - Processing /opt/airflow/dags/market)data_dag.py took 0.055 seconds
[2026-06-11T14:00:30.130+0000] {processor.py:186} INFO - Started process (PID=414) to work on /opt/airflow/dags/market)data_dag.py
[2026-06-11T14:00:30.131+0000] {processor.py:914} INFO - Processing file /opt/airflow/dags/market)data_dag.py for tasks to queue
[2026-06-11T14:00:30.132+0000] {logging_mixin.py:190} INFO - [2026-06-11T14:00:30.132+0000] {dagbag.py:588} INFO - Filling up the DagBag from /opt/airflow/dags/market)data_dag.py
[2026-06-11T14:00:30.140+0000] {processor.py:925} INFO - DAG(s) 'market_data_pipeline' retrieved from /opt/airflow/dags/market)data_dag.py
[2026-06-11T14:00:30.157+0000] {logging_mixin.py:190} INFO - [2026-06-11T14:00:30.157+0000] {dag.py:3239} INFO - Sync 1 DAGs
[2026-06-11T14:00:30.171+0000] {logging_mixin.py:190} INFO - [2026-06-11T14:00:30.171+0000] {dag.py:4180} INFO - Setting next_dagrun for market_data_pipeline to 2026-06-11 13:55:00+00:00, run_after=2026-06-11 14:00:00+00:00
[2026-06-11T14:00:30.181+0000] {processor.py:208} INFO - Processing /opt/airflow/dags/market)data_dag.py took 0.055 seconds
[2026-06-11T14:01:00.254+0000] {processor.py:186} INFO - Started process (PID=419) to work on /opt/airflow/dags/market)data_dag.py
[2026-06-11T14:01:00.255+0000] {processor.py:914} INFO - Processing file /opt/airflow/dags/market)data_dag.py for tasks to queue
[2026-06-11T14:01:00.256+0000] {logging_mixin.py:190} INFO - [2026-06-11T14:01:00.256+0000] {dagbag.py:588} INFO - Filling up the DagBag from /opt/airflow/dags/market)data_dag.py
[2026-06-11T14:01:00.262+0000] {processor.py:925} INFO - DAG(s) 'market_data_pipeline' retrieved from /opt/airflow/dags/market)data_dag.py
[2026-06-11T14:01:00.278+0000] {logging_mixin.py:190} INFO - [2026-06-11T14:01:00.278+0000] {dag.py:3239} INFO - Sync 1 DAGs
[2026-06-11T14:01:00.293+0000] {logging_mixin.py:190} INFO - [2026-06-11T14:01:00.292+0000] {dag.py:4180} INFO - Setting next_dagrun for market_data_pipeline to 2026-06-11 13:55:00+00:00, run_after=2026-06-11 14:00:00+00:00
[2026-06-11T14:01:00.302+0000] {processor.py:208} INFO - Processing /opt/airflow/dags/market)data_dag.py took 0.052 seconds
[2026-06-11T14:01:30.383+0000] {processor.py:186} INFO - Started process (PID=424) to work on /opt/airflow/dags/market)data_dag.py
[2026-06-11T14:01:30.384+0000] {processor.py:914} INFO - Processing file /opt/airflow/dags/market)data_dag.py for tasks to queue
[2026-06-11T14:01:30.385+0000] {logging_mixin.py:190} INFO - [2026-06-11T14:01:30.385+0000] {dagbag.py:588} INFO - Filling up the DagBag from /opt/airflow/dags/market)data_dag.py
[2026-06-11T14:01:30.392+0000] {processor.py:925} INFO - DAG(s) 'market_data_pipeline' retrieved from /opt/airflow/dags/market)data_dag.py
[2026-06-11T14:01:30.408+0000] {logging_mixin.py:190} INFO - [2026-06-11T14:01:30.408+0000] {dag.py:3239} INFO - Sync 1 DAGs
[2026-06-11T14:01:30.422+0000] {logging_mixin.py:190} INFO - [2026-06-11T14:01:30.422+0000] {dag.py:4180} INFO - Setting next_dagrun for market_data_pipeline to 2026-06-11 13:55:00+00:00, run_after=2026-06-11 14:00:00+00:00
[2026-06-11T14:01:30.432+0000] {processor.py:208} INFO - Processing /opt/airflow/dags/market)data_dag.py took 0.052 seconds
[2026-06-11T14:02:00.501+0000] {processor.py:186} INFO - Started process (PID=429) to work on /opt/airflow/dags/market)data_dag.py
[2026-06-11T14:02:00.501+0000] {processor.py:914} INFO - Processing file /opt/airflow/dags/market)data_dag.py for tasks to queue
[2026-06-11T14:02:00.502+0000] {logging_mixin.py:190} INFO - [2026-06-11T14:02:00.502+0000] {dagbag.py:588} INFO - Filling up the DagBag from /opt/airflow/dags/market)data_dag.py
[2026-06-11T14:02:00.508+0000] {processor.py:925} INFO - DAG(s) 'market_data_pipeline' retrieved from /opt/airflow/dags/market)data_dag.py
[2026-06-11T14:02:00.524+0000] {logging_mixin.py:190} INFO - [2026-06-11T14:02:00.524+0000] {dag.py:3239} INFO - Sync 1 DAGs
[2026-06-11T14:02:00.538+0000] {logging_mixin.py:190} INFO - [2026-06-11T14:02:00.538+0000] {dag.py:4180} INFO - Setting next_dagrun for market_data_pipeline to 2026-06-11 13:55:00+00:00, run_after=2026-06-11 14:00:00+00:00
[2026-06-11T14:02:00.549+0000] {processor.py:208} INFO - Processing /opt/airflow/dags/market)data_dag.py took 0.052 seconds
[2026-06-11T14:02:30.652+0000] {processor.py:186} INFO - Started process (PID=434) to work on /opt/airflow/dags/market)data_dag.py
[2026-06-11T14:02:30.653+0000] {processor.py:914} INFO - Processing file /opt/airflow/dags/market)data_dag.py for tasks to queue
[2026-06-11T14:02:30.654+0000] {logging_mixin.py:190} INFO - [2026-06-11T14:02:30.654+0000] {dagbag.py:588} INFO - Filling up the DagBag from /opt/airflow/dags/market)data_dag.py
[2026-06-11T14:02:30.660+0000] {processor.py:925} INFO - DAG(s) 'market_data_pipeline' retrieved from /opt/airflow/dags/market)data_dag.py
[2026-06-11T14:02:30.676+0000] {logging_mixin.py:190} INFO - [2026-06-11T14:02:30.675+0000] {dag.py:3239} INFO - Sync 1 DAGs
[2026-06-11T14:02:30.691+0000] {logging_mixin.py:190} INFO - [2026-06-11T14:02:30.691+0000] {dag.py:4180} INFO - Setting next_dagrun for market_data_pipeline to 2026-06-11 13:55:00+00:00, run_after=2026-06-11 14:00:00+00:00
[2026-06-11T14:02:30.703+0000] {processor.py:208} INFO - Processing /opt/airflow/dags/market)data_dag.py took 0.055 seconds
[2026-06-11T14:03:00.776+0000] {processor.py:186} INFO - Started process (PID=439) to work on /opt/airflow/dags/market)data_dag.py
[2026-06-11T14:03:00.777+0000] {processor.py:914} INFO - Processing file /opt/airflow/dags/market)data_dag.py for tasks to queue
[2026-06-11T14:03:00.778+0000] {logging_mixin.py:190} INFO - [2026-06-11T14:03:00.778+0000] {dagbag.py:588} INFO - Filling up the DagBag from /opt/airflow/dags/market)data_dag.py
[2026-06-11T14:03:00.783+0000] {processor.py:925} INFO - DAG(s) 'market_data_pipeline' retrieved from /opt/airflow/dags/market)data_dag.py
[2026-06-11T14:03:00.799+0000] {logging_mixin.py:190} INFO - [2026-06-11T14:03:00.799+0000] {dag.py:3239} INFO - Sync 1 DAGs
[2026-06-11T14:03:00.813+0000] {logging_mixin.py:190} INFO - [2026-06-11T14:03:00.813+0000] {dag.py:4180} INFO - Setting next_dagrun for market_data_pipeline to 2026-06-11 13:55:00+00:00, run_after=2026-06-11 14:00:00+00:00
[2026-06-11T14:03:00.822+0000] {processor.py:208} INFO - Processing /opt/airflow/dags/market)data_dag.py took 0.050 seconds
[2026-06-11T14:03:30.912+0000] {processor.py:186} INFO - Started process (PID=444) to work on /opt/airflow/dags/market)data_dag.py
[2026-06-11T14:03:30.913+0000] {processor.py:914} INFO - Processing file /opt/airflow/dags/market)data_dag.py for tasks to queue
[2026-06-11T14:03:30.914+0000] {logging_mixin.py:190} INFO - [2026-06-11T14:03:30.914+0000] {dagbag.py:588} INFO - Filling up the DagBag from /opt/airflow/dags/market)data_dag.py
[2026-06-11T14:03:30.919+0000] {processor.py:925} INFO - DAG(s) 'market_data_pipeline' retrieved from /opt/airflow/dags/market)data_dag.py
[2026-06-11T14:03:30.935+0000] {logging_mixin.py:190} INFO - [2026-06-11T14:03:30.935+0000] {dag.py:3239} INFO - Sync 1 DAGs
[2026-06-11T14:03:30.952+0000] {logging_mixin.py:190} INFO - [2026-06-11T14:03:30.951+0000] {dag.py:4180} INFO - Setting next_dagrun for market_data_pipeline to 2026-06-11 13:55:00+00:00, run_after=2026-06-11 14:00:00+00:00
[2026-06-11T14:03:30.963+0000] {processor.py:208} INFO - Processing /opt/airflow/dags/market)data_dag.py took 0.055 seconds
[2026-06-11T14:04:01.047+0000] {processor.py:186} INFO - Started process (PID=449) to work on /opt/airflow/dags/market)data_dag.py
[2026-06-11T14:04:01.048+0000] {processor.py:914} INFO - Processing file /opt/airflow/dags/market)data_dag.py for tasks to queue
[2026-06-11T14:04:01.049+0000] {logging_mixin.py:190} INFO - [2026-06-11T14:04:01.049+0000] {dagbag.py:588} INFO - Filling up the DagBag from /opt/airflow/dags/market)data_dag.py
[2026-06-11T14:04:01.054+0000] {processor.py:925} INFO - DAG(s) 'market_data_pipeline' retrieved from /opt/airflow/dags/market)data_dag.py
[2026-06-11T14:04:01.072+0000] {logging_mixin.py:190} INFO - [2026-06-11T14:04:01.072+0000] {dag.py:3239} INFO - Sync 1 DAGs
[2026-06-11T14:04:01.088+0000] {logging_mixin.py:190} INFO - [2026-06-11T14:04:01.088+0000] {dag.py:4180} INFO - Setting next_dagrun for market_data_pipeline to 2026-06-11 13:55:00+00:00, run_after=2026-06-11 14:00:00+00:00
[2026-06-11T14:04:01.099+0000] {processor.py:208} INFO - Processing /opt/airflow/dags/market)data_dag.py took 0.055 seconds
[2026-06-11T14:04:31.163+0000] {processor.py:186} INFO - Started process (PID=454) to work on /opt/airflow/dags/market)data_dag.py
[2026-06-11T14:04:31.164+0000] {processor.py:914} INFO - Processing file /opt/airflow/dags/market)data_dag.py for tasks to queue
[2026-06-11T14:04:31.165+0000] {logging_mixin.py:190} INFO - [2026-06-11T14:04:31.165+0000] {dagbag.py:588} INFO - Filling up the DagBag from /opt/airflow/dags/market)data_dag.py
[2026-06-11T14:04:31.171+0000] {processor.py:925} INFO - DAG(s) 'market_data_pipeline' retrieved from /opt/airflow/dags/market)data_dag.py
[2026-06-11T14:04:31.189+0000] {logging_mixin.py:190} INFO - [2026-06-11T14:04:31.188+0000] {dag.py:3239} INFO - Sync 1 DAGs
[2026-06-11T14:04:31.203+0000] {logging_mixin.py:190} INFO - [2026-06-11T14:04:31.203+0000] {dag.py:4180} INFO - Setting next_dagrun for market_data_pipeline to 2026-06-11 13:55:00+00:00, run_after=2026-06-11 14:00:00+00:00
[2026-06-11T14:04:31.214+0000] {processor.py:208} INFO - Processing /opt/airflow/dags/market)data_dag.py took 0.054 seconds
[2026-06-11T14:05:01.324+0000] {processor.py:186} INFO - Started process (PID=459) to work on /opt/airflow/dags/market)data_dag.py
[2026-06-11T14:05:01.324+0000] {processor.py:914} INFO - Processing file /opt/airflow/dags/market)data_dag.py for tasks to queue
[2026-06-11T14:05:01.325+0000] {logging_mixin.py:190} INFO - [2026-06-11T14:05:01.325+0000] {dagbag.py:588} INFO - Filling up the DagBag from /opt/airflow/dags/market)data_dag.py
[2026-06-11T14:05:01.331+0000] {processor.py:925} INFO - DAG(s) 'market_data_pipeline' retrieved from /opt/airflow/dags/market)data_dag.py
[2026-06-11T14:05:01.349+0000] {logging_mixin.py:190} INFO - [2026-06-11T14:05:01.349+0000] {dag.py:3239} INFO - Sync 1 DAGs
[2026-06-11T14:05:01.365+0000] {logging_mixin.py:190} INFO - [2026-06-11T14:05:01.365+0000] {dag.py:4180} INFO - Setting next_dagrun for market_data_pipeline to 2026-06-11 14:00:00+00:00, run_after=2026-06-11 14:05:00+00:00
[2026-06-11T14:05:01.378+0000] {processor.py:208} INFO - Processing /opt/airflow/dags/market)data_dag.py took 0.057 seconds
[2026-06-11T14:05:31.448+0000] {processor.py:186} INFO - Started process (PID=464) to work on /opt/airflow/dags/market)data_dag.py
[2026-06-11T14:05:31.448+0000] {processor.py:914} INFO - Processing file /opt/airflow/dags/market)data_dag.py for tasks to queue
[2026-06-11T14:05:31.450+0000] {logging_mixin.py:190} INFO - [2026-06-11T14:05:31.449+0000] {dagbag.py:588} INFO - Filling up the DagBag from /opt/airflow/dags/market)data_dag.py
[2026-06-11T14:05:31.456+0000] {processor.py:925} INFO - DAG(s) 'market_data_pipeline' retrieved from /opt/airflow/dags/market)data_dag.py
[2026-06-11T14:05:31.473+0000] {logging_mixin.py:190} INFO - [2026-06-11T14:05:31.473+0000] {dag.py:3239} INFO - Sync 1 DAGs
[2026-06-11T14:05:31.489+0000] {logging_mixin.py:190} INFO - [2026-06-11T14:05:31.489+0000] {dag.py:4180} INFO - Setting next_dagrun for market_data_pipeline to 2026-06-11 14:00:00+00:00, run_after=2026-06-11 14:05:00+00:00
[2026-06-11T14:05:31.499+0000] {processor.py:208} INFO - Processing /opt/airflow/dags/market)data_dag.py took 0.056 seconds
[2026-06-11T14:06:01.573+0000] {processor.py:186} INFO - Started process (PID=469) to work on /opt/airflow/dags/market)data_dag.py
[2026-06-11T14:06:01.574+0000] {processor.py:914} INFO - Processing file /opt/airflow/dags/market)data_dag.py for tasks to queue
[2026-06-11T14:06:01.575+0000] {logging_mixin.py:190} INFO - [2026-06-11T14:06:01.575+0000] {dagbag.py:588} INFO - Filling up the DagBag from /opt/airflow/dags/market)data_dag.py
[2026-06-11T14:06:01.581+0000] {processor.py:925} INFO - DAG(s) 'market_data_pipeline' retrieved from /opt/airflow/dags/market)data_dag.py
[2026-06-11T14:06:01.596+0000] {logging_mixin.py:190} INFO - [2026-06-11T14:06:01.596+0000] {dag.py:3239} INFO - Sync 1 DAGs
[2026-06-11T14:06:01.611+0000] {logging_mixin.py:190} INFO - [2026-06-11T14:06:01.611+0000] {dag.py:4180} INFO - Setting next_dagrun for market_data_pipeline to 2026-06-11 14:00:00+00:00, run_after=2026-06-11 14:05:00+00:00
[2026-06-11T14:06:01.621+0000] {processor.py:208} INFO - Processing /opt/airflow/dags/market)data_dag.py took 0.051 seconds
[2026-06-11T14:06:31.705+0000] {processor.py:186} INFO - Started process (PID=474) to work on /opt/airflow/dags/market)data_dag.py
[2026-06-11T14:06:31.705+0000] {processor.py:914} INFO - Processing file /opt/airflow/dags/market)data_dag.py for tasks to queue
[2026-06-11T14:06:31.707+0000] {logging_mixin.py:190} INFO - [2026-06-11T14:06:31.707+0000] {dagbag.py:588} INFO - Filling up the DagBag from /opt/airflow/dags/market)data_dag.py
[2026-06-11T14:06:31.712+0000] {processor.py:925} INFO - DAG(s) 'market_data_pipeline' retrieved from /opt/airflow/dags/market)data_dag.py
[2026-06-11T14:06:31.728+0000] {logging_mixin.py:190} INFO - [2026-06-11T14:06:31.728+0000] {dag.py:3239} INFO - Sync 1 DAGs
[2026-06-11T14:06:31.743+0000] {logging_mixin.py:190} INFO - [2026-06-11T14:06:31.743+0000] {dag.py:4180} INFO - Setting next_dagrun for market_data_pipeline to 2026-06-11 14:00:00+00:00, run_after=2026-06-11 14:05:00+00:00
[2026-06-11T14:06:31.753+0000] {processor.py:208} INFO - Processing /opt/airflow/dags/market)data_dag.py took 0.051 seconds
[2026-06-11T14:07:01.832+0000] {processor.py:186} INFO - Started process (PID=479) to work on /opt/airflow/dags/market)data_dag.py
[2026-06-11T14:07:01.832+0000] {processor.py:914} INFO - Processing file /opt/airflow/dags/market)data_dag.py for tasks to queue
[2026-06-11T14:07:01.834+0000] {logging_mixin.py:190} INFO - [2026-06-11T14:07:01.833+0000] {dagbag.py:588} INFO - Filling up the DagBag from /opt/airflow/dags/market)data_dag.py
[2026-06-11T14:07:01.839+0000] {processor.py:925} INFO - DAG(s) 'market_data_pipeline' retrieved from /opt/airflow/dags/market)data_dag.py
[2026-06-11T14:07:01.856+0000] {logging_mixin.py:190} INFO - [2026-06-11T14:07:01.856+0000] {dag.py:3239} INFO - Sync 1 DAGs
[2026-06-11T14:07:01.871+0000] {logging_mixin.py:190} INFO - [2026-06-11T14:07:01.871+0000] {dag.py:4180} INFO - Setting next_dagrun for market_data_pipeline to 2026-06-11 14:00:00+00:00, run_after=2026-06-11 14:05:00+00:00
[2026-06-11T14:07:01.882+0000] {processor.py:208} INFO - Processing /opt/airflow/dags/market)data_dag.py took 0.053 seconds
[2026-06-11T14:07:31.961+0000] {processor.py:186} INFO - Started process (PID=484) to work on /opt/airflow/dags/market)data_dag.py
[2026-06-11T14:07:31.962+0000] {processor.py:914} INFO - Processing file /opt/airflow/dags/market)data_dag.py for tasks to queue
[2026-06-11T14:07:31.964+0000] {logging_mixin.py:190} INFO - [2026-06-11T14:07:31.964+0000] {dagbag.py:588} INFO - Filling up the DagBag from /opt/airflow/dags/market)data_dag.py
[2026-06-11T14:07:31.970+0000] {processor.py:925} INFO - DAG(s) 'market_data_pipeline' retrieved from /opt/airflow/dags/market)data_dag.py
[2026-06-11T14:07:31.992+0000] {logging_mixin.py:190} INFO - [2026-06-11T14:07:31.992+0000] {dag.py:3239} INFO - Sync 1 DAGs
[2026-06-11T14:07:32.008+0000] {logging_mixin.py:190} INFO - [2026-06-11T14:07:32.007+0000] {dag.py:4180} INFO - Setting next_dagrun for market_data_pipeline to 2026-06-11 14:00:00+00:00, run_after=2026-06-11 14:05:00+00:00
[2026-06-11T14:07:32.018+0000] {processor.py:208} INFO - Processing /opt/airflow/dags/market)data_dag.py took 0.060 seconds
[2026-06-11T14:08:02.090+0000] {processor.py:186} INFO - Started process (PID=489) to work on /opt/airflow/dags/market)data_dag.py
[2026-06-11T14:08:02.091+0000] {processor.py:914} INFO - Processing file /opt/airflow/dags/market)data_dag.py for tasks to queue
[2026-06-11T14:08:02.092+0000] {logging_mixin.py:190} INFO - [2026-06-11T14:08:02.092+0000] {dagbag.py:588} INFO - Filling up the DagBag from /opt/airflow/dags/market)data_dag.py
[2026-06-11T14:08:02.098+0000] {processor.py:925} INFO - DAG(s) 'market_data_pipeline' retrieved from /opt/airflow/dags/market)data_dag.py
[2026-06-11T14:08:02.114+0000] {logging_mixin.py:190} INFO - [2026-06-11T14:08:02.114+0000] {dag.py:3239} INFO - Sync 1 DAGs
[2026-06-11T14:08:02.129+0000] {logging_mixin.py:190} INFO - [2026-06-11T14:08:02.129+0000] {dag.py:4180} INFO - Setting next_dagrun for market_data_pipeline to 2026-06-11 14:00:00+00:00, run_after=2026-06-11 14:05:00+00:00
[2026-06-11T14:08:02.141+0000] {processor.py:208} INFO - Processing /opt/airflow/dags/market)data_dag.py took 0.055 seconds
[2026-06-11T14:08:32.221+0000] {processor.py:186} INFO - Started process (PID=494) to work on /opt/airflow/dags/market)data_dag.py
[2026-06-11T14:08:32.222+0000] {processor.py:914} INFO - Processing file /opt/airflow/dags/market)data_dag.py for tasks to queue
[2026-06-11T14:08:32.223+0000] {logging_mixin.py:190} INFO - [2026-06-11T14:08:32.223+0000] {dagbag.py:588} INFO - Filling up the DagBag from /opt/airflow/dags/market)data_dag.py
[2026-06-11T14:08:32.228+0000] {processor.py:925} INFO - DAG(s) 'market_data_pipeline' retrieved from /opt/airflow/dags/market)data_dag.py
[2026-06-11T14:08:32.244+0000] {logging_mixin.py:190} INFO - [2026-06-11T14:08:32.244+0000] {dag.py:3239} INFO - Sync 1 DAGs
[2026-06-11T14:08:32.260+0000] {logging_mixin.py:190} INFO - [2026-06-11T14:08:32.260+0000] {dag.py:4180} INFO - Setting next_dagrun for market_data_pipeline to 2026-06-11 14:00:00+00:00, run_after=2026-06-11 14:05:00+00:00
[2026-06-11T14:08:32.270+0000] {processor.py:208} INFO - Processing /opt/airflow/dags/market)data_dag.py took 0.053 seconds
[2026-06-11T14:09:02.338+0000] {processor.py:186} INFO - Started process (PID=499) to work on /opt/airflow/dags/market)data_dag.py
[2026-06-11T14:09:02.338+0000] {processor.py:914} INFO - Processing file /opt/airflow/dags/market)data_dag.py for tasks to queue
[2026-06-11T14:09:02.340+0000] {logging_mixin.py:190} INFO - [2026-06-11T14:09:02.340+0000] {dagbag.py:588} INFO - Filling up the DagBag from /opt/airflow/dags/market)data_dag.py
[2026-06-11T14:09:02.345+0000] {processor.py:925} INFO - DAG(s) 'market_data_pipeline' retrieved from /opt/airflow/dags/market)data_dag.py
[2026-06-11T14:09:02.363+0000] {logging_mixin.py:190} INFO - [2026-06-11T14:09:02.362+0000] {dag.py:3239} INFO - Sync 1 DAGs
[2026-06-11T14:09:02.378+0000] {logging_mixin.py:190} INFO - [2026-06-11T14:09:02.377+0000] {dag.py:4180} INFO - Setting next_dagrun for market_data_pipeline to 2026-06-11 14:00:00+00:00, run_after=2026-06-11 14:05:00+00:00
[2026-06-11T14:09:02.388+0000] {processor.py:208} INFO - Processing /opt/airflow/dags/market)data_dag.py took 0.053 seconds
[2026-06-11T14:09:32.474+0000] {processor.py:186} INFO - Started process (PID=504) to work on /opt/airflow/dags/market)data_dag.py
[2026-06-11T14:09:32.475+0000] {processor.py:914} INFO - Processing file /opt/airflow/dags/market)data_dag.py for tasks to queue
[2026-06-11T14:09:32.477+0000] {logging_mixin.py:190} INFO - [2026-06-11T14:09:32.476+0000] {dagbag.py:588} INFO - Filling up the DagBag from /opt/airflow/dags/market)data_dag.py
[2026-06-11T14:09:32.484+0000] {processor.py:925} INFO - DAG(s) 'market_data_pipeline' retrieved from /opt/airflow/dags/market)data_dag.py
[2026-06-11T14:09:32.501+0000] {logging_mixin.py:190} INFO - [2026-06-11T14:09:32.501+0000] {dag.py:3239} INFO - Sync 1 DAGs
[2026-06-11T14:09:32.516+0000] {logging_mixin.py:190} INFO - [2026-06-11T14:09:32.516+0000] {dag.py:4180} INFO - Setting next_dagrun for market_data_pipeline to 2026-06-11 14:00:00+00:00, run_after=2026-06-11 14:05:00+00:00
[2026-06-11T14:09:32.527+0000] {processor.py:208} INFO - Processing /opt/airflow/dags/market)data_dag.py took 0.057 seconds
[2026-06-11T14:10:02.593+0000] {processor.py:186} INFO - Started process (PID=509) to work on /opt/airflow/dags/market)data_dag.py
[2026-06-11T14:10:02.594+0000] {processor.py:914} INFO - Processing file /opt/airflow/dags/market)data_dag.py for tasks to queue
[2026-06-11T14:10:02.595+0000] {logging_mixin.py:190} INFO - [2026-06-11T14:10:02.595+0000] {dagbag.py:588} INFO - Filling up the DagBag from /opt/airflow/dags/market)data_dag.py
[2026-06-11T14:10:02.602+0000] {processor.py:925} INFO - DAG(s) 'market_data_pipeline' retrieved from /opt/airflow/dags/market)data_dag.py
[2026-06-11T14:10:02.620+0000] {logging_mixin.py:190} INFO - [2026-06-11T14:10:02.620+0000] {dag.py:3239} INFO - Sync 1 DAGs
[2026-06-11T14:10:02.636+0000] {logging_mixin.py:190} INFO - [2026-06-11T14:10:02.636+0000] {dag.py:4180} INFO - Setting next_dagrun for market_data_pipeline to 2026-06-11 14:05:00+00:00, run_after=2026-06-11 14:10:00+00:00
[2026-06-11T14:10:02.647+0000] {processor.py:208} INFO - Processing /opt/airflow/dags/market)data_dag.py took 0.058 seconds
[2026-06-11T14:10:32.735+0000] {processor.py:186} INFO - Started process (PID=514) to work on /opt/airflow/dags/market)data_dag.py
[2026-06-11T14:10:32.735+0000] {processor.py:914} INFO - Processing file /opt/airflow/dags/market)data_dag.py for tasks to queue
[2026-06-11T14:10:32.737+0000] {logging_mixin.py:190} INFO - [2026-06-11T14:10:32.737+0000] {dagbag.py:588} INFO - Filling up the DagBag from /opt/airflow/dags/market)data_dag.py
[2026-06-11T14:10:32.744+0000] {processor.py:925} INFO - DAG(s) 'market_data_pipeline' retrieved from /opt/airflow/dags/market)data_dag.py
[2026-06-11T14:10:32.761+0000] {logging_mixin.py:190} INFO - [2026-06-11T14:10:32.760+0000] {dag.py:3239} INFO - Sync 1 DAGs
[2026-06-11T14:10:32.775+0000] {logging_mixin.py:190} INFO - [2026-06-11T14:10:32.775+0000] {dag.py:4180} INFO - Setting next_dagrun for market_data_pipeline to 2026-06-11 14:05:00+00:00, run_after=2026-06-11 14:10:00+00:00
[2026-06-11T14:10:32.785+0000] {processor.py:208} INFO - Processing /opt/airflow/dags/market)data_dag.py took 0.054 seconds
[2026-06-11T14:11:02.848+0000] {processor.py:186} INFO - Started process (PID=519) to work on /opt/airflow/dags/market)data_dag.py
[2026-06-11T14:11:02.848+0000] {processor.py:914} INFO - Processing file /opt/airflow/dags/market)data_dag.py for tasks to queue
[2026-06-11T14:11:02.850+0000] {logging_mixin.py:190} INFO - [2026-06-11T14:11:02.849+0000] {dagbag.py:588} INFO - Filling up the DagBag from /opt/airflow/dags/market)data_dag.py
[2026-06-11T14:11:02.856+0000] {processor.py:925} INFO - DAG(s) 'market_data_pipeline' retrieved from /opt/airflow/dags/market)data_dag.py
[2026-06-11T14:11:02.874+0000] {logging_mixin.py:190} INFO - [2026-06-11T14:11:02.874+0000] {dag.py:3239} INFO - Sync 1 DAGs
[2026-06-11T14:11:02.890+0000] {logging_mixin.py:190} INFO - [2026-06-11T14:11:02.890+0000] {dag.py:4180} INFO - Setting next_dagrun for market_data_pipeline to 2026-06-11 14:05:00+00:00, run_after=2026-06-11 14:10:00+00:00
[2026-06-11T14:11:02.906+0000] {processor.py:208} INFO - Processing /opt/airflow/dags/market)data_dag.py took 0.062 seconds
[2026-06-11T14:11:32.988+0000] {processor.py:186} INFO - Started process (PID=526) to work on /opt/airflow/dags/market)data_dag.py
[2026-06-11T14:11:32.988+0000] {processor.py:914} INFO - Processing file /opt/airflow/dags/market)data_dag.py for tasks to queue
[2026-06-11T14:11:32.990+0000] {logging_mixin.py:190} INFO - [2026-06-11T14:11:32.990+0000] {dagbag.py:588} INFO - Filling up the DagBag from /opt/airflow/dags/market)data_dag.py
[2026-06-11T14:11:32.996+0000] {processor.py:925} INFO - DAG(s) 'market_data_pipeline' retrieved from /opt/airflow/dags/market)data_dag.py
[2026-06-11T14:11:33.013+0000] {logging_mixin.py:190} INFO - [2026-06-11T14:11:33.013+0000] {dag.py:3239} INFO - Sync 1 DAGs
[2026-06-11T14:11:33.028+0000] {logging_mixin.py:190} INFO - [2026-06-11T14:11:33.028+0000] {dag.py:4180} INFO - Setting next_dagrun for market_data_pipeline to 2026-06-11 14:05:00+00:00, run_after=2026-06-11 14:10:00+00:00
[2026-06-11T14:11:33.039+0000] {processor.py:208} INFO - Processing /opt/airflow/dags/market)data_dag.py took 0.056 seconds
[2026-06-11T14:12:03.118+0000] {processor.py:186} INFO - Started process (PID=532) to work on /opt/airflow/dags/market)data_dag.py
[2026-06-11T14:12:03.118+0000] {processor.py:914} INFO - Processing file /opt/airflow/dags/market)data_dag.py for tasks to queue
[2026-06-11T14:12:03.119+0000] {logging_mixin.py:190} INFO - [2026-06-11T14:12:03.119+0000] {dagbag.py:588} INFO - Filling up the DagBag from /opt/airflow/dags/market)data_dag.py
[2026-06-11T14:12:03.128+0000] {processor.py:925} INFO - DAG(s) 'market_data_pipeline' retrieved from /opt/airflow/dags/market)data_dag.py
[2026-06-11T14:12:03.145+0000] {logging_mixin.py:190} INFO - [2026-06-11T14:12:03.145+0000] {dag.py:3239} INFO - Sync 1 DAGs
[2026-06-11T14:12:03.161+0000] {logging_mixin.py:190} INFO - [2026-06-11T14:12:03.160+0000] {dag.py:4180} INFO - Setting next_dagrun for market_data_pipeline to 2026-06-11 14:05:00+00:00, run_after=2026-06-11 14:10:00+00:00
[2026-06-11T14:12:03.170+0000] {processor.py:208} INFO - Processing /opt/airflow/dags/market)data_dag.py took 0.056 seconds
[2026-06-11T14:12:33.239+0000] {processor.py:186} INFO - Started process (PID=537) to work on /opt/airflow/dags/market)data_dag.py
[2026-06-11T14:12:33.240+0000] {processor.py:914} INFO - Processing file /opt/airflow/dags/market)data_dag.py for tasks to queue
[2026-06-11T14:12:33.242+0000] {logging_mixin.py:190} INFO - [2026-06-11T14:12:33.241+0000] {dagbag.py:588} INFO - Filling up the DagBag from /opt/airflow/dags/market)data_dag.py
[2026-06-11T14:12:33.248+0000] {processor.py:925} INFO - DAG(s) 'market_data_pipeline' retrieved from /opt/airflow/dags/market)data_dag.py
[2026-06-11T14:12:33.266+0000] {logging_mixin.py:190} INFO - [2026-06-11T14:12:33.266+0000] {dag.py:3239} INFO - Sync 1 DAGs
[2026-06-11T14:12:33.281+0000] {logging_mixin.py:190} INFO - [2026-06-11T14:12:33.281+0000] {dag.py:4180} INFO - Setting next_dagrun for market_data_pipeline to 2026-06-11 14:05:00+00:00, run_after=2026-06-11 14:10:00+00:00
[2026-06-11T14:12:33.291+0000] {processor.py:208} INFO - Processing /opt/airflow/dags/market)data_dag.py took 0.056 seconds
[2026-06-11T14:13:03.363+0000] {processor.py:186} INFO - Started process (PID=542) to work on /opt/airflow/dags/market)data_dag.py
[2026-06-11T14:13:03.363+0000] {processor.py:914} INFO - Processing file /opt/airflow/dags/market)data_dag.py for tasks to queue
[2026-06-11T14:13:03.365+0000] {logging_mixin.py:190} INFO - [2026-06-11T14:13:03.364+0000] {dagbag.py:588} INFO - Filling up the DagBag from /opt/airflow/dags/market)data_dag.py
[2026-06-11T14:13:03.370+0000] {processor.py:925} INFO - DAG(s) 'market_data_pipeline' retrieved from /opt/airflow/dags/market)data_dag.py
[2026-06-11T14:13:03.388+0000] {logging_mixin.py:190} INFO - [2026-06-11T14:13:03.388+0000] {dag.py:3239} INFO - Sync 1 DAGs
[2026-06-11T14:13:03.403+0000] {logging_mixin.py:190} INFO - [2026-06-11T14:13:03.403+0000] {dag.py:4180} INFO - Setting next_dagrun for market_data_pipeline to 2026-06-11 14:05:00+00:00, run_after=2026-06-11 14:10:00+00:00
[2026-06-11T14:13:03.416+0000] {processor.py:208} INFO - Processing /opt/airflow/dags/market)data_dag.py took 0.056 seconds
[2026-06-11T14:13:33.505+0000] {processor.py:186} INFO - Started process (PID=575) to work on /opt/airflow/dags/market)data_dag.py
[2026-06-11T14:13:33.506+0000] {processor.py:914} INFO - Processing file /opt/airflow/dags/market)data_dag.py for tasks to queue
[2026-06-11T14:13:33.507+0000] {logging_mixin.py:190} INFO - [2026-06-11T14:13:33.507+0000] {dagbag.py:588} INFO - Filling up the DagBag from /opt/airflow/dags/market)data_dag.py
[2026-06-11T14:13:33.512+0000] {processor.py:925} INFO - DAG(s) 'market_data_pipeline' retrieved from /opt/airflow/dags/market)data_dag.py
[2026-06-11T14:13:33.529+0000] {logging_mixin.py:190} INFO - [2026-06-11T14:13:33.528+0000] {dag.py:3239} INFO - Sync 1 DAGs
[2026-06-11T14:13:33.543+0000] {logging_mixin.py:190} INFO - [2026-06-11T14:13:33.543+0000] {dag.py:4180} INFO - Setting next_dagrun for market_data_pipeline to 2026-06-11 14:05:00+00:00, run_after=2026-06-11 14:10:00+00:00
[2026-06-11T14:13:33.553+0000] {processor.py:208} INFO - Processing /opt/airflow/dags/market)data_dag.py took 0.052 seconds
[2026-06-11T14:14:03.637+0000] {processor.py:186} INFO - Started process (PID=605) to work on /opt/airflow/dags/market)data_dag.py
[2026-06-11T14:14:03.637+0000] {processor.py:914} INFO - Processing file /opt/airflow/dags/market)data_dag.py for tasks to queue
[2026-06-11T14:14:03.638+0000] {logging_mixin.py:190} INFO - [2026-06-11T14:14:03.638+0000] {dagbag.py:588} INFO - Filling up the DagBag from /opt/airflow/dags/market)data_dag.py
[2026-06-11T14:14:03.644+0000] {processor.py:925} INFO - DAG(s) 'market_data_pipeline' retrieved from /opt/airflow/dags/market)data_dag.py
[2026-06-11T14:14:03.660+0000] {logging_mixin.py:190} INFO - [2026-06-11T14:14:03.660+0000] {dag.py:3239} INFO - Sync 1 DAGs
[2026-06-11T14:14:03.674+0000] {logging_mixin.py:190} INFO - [2026-06-11T14:14:03.674+0000] {dag.py:4180} INFO - Setting next_dagrun for market_data_pipeline to 2026-06-11 14:05:00+00:00, run_after=2026-06-11 14:10:00+00:00
[2026-06-11T14:14:03.684+0000] {processor.py:208} INFO - Processing /opt/airflow/dags/market)data_dag.py took 0.051 seconds
[2026-06-11T14:14:33.754+0000] {processor.py:186} INFO - Started process (PID=611) to work on /opt/airflow/dags/market)data_dag.py
[2026-06-11T14:14:33.755+0000] {processor.py:914} INFO - Processing file /opt/airflow/dags/market)data_dag.py for tasks to queue
[2026-06-11T14:14:33.756+0000] {logging_mixin.py:190} INFO - [2026-06-11T14:14:33.756+0000] {dagbag.py:588} INFO - Filling up the DagBag from /opt/airflow/dags/market)data_dag.py
[2026-06-11T14:14:33.762+0000] {processor.py:925} INFO - DAG(s) 'market_data_pipeline' retrieved from /opt/airflow/dags/market)data_dag.py
[2026-06-11T14:14:33.779+0000] {logging_mixin.py:190} INFO - [2026-06-11T14:14:33.779+0000] {dag.py:3239} INFO - Sync 1 DAGs
[2026-06-11T14:14:33.795+0000] {logging_mixin.py:190} INFO - [2026-06-11T14:14:33.795+0000] {dag.py:4180} INFO - Setting next_dagrun for market_data_pipeline to 2026-06-11 14:05:00+00:00, run_after=2026-06-11 14:10:00+00:00
[2026-06-11T14:14:33.805+0000] {processor.py:208} INFO - Processing /opt/airflow/dags/market)data_dag.py took 0.055 seconds
[2026-06-11T14:15:03.889+0000] {processor.py:186} INFO - Started process (PID=616) to work on /opt/airflow/dags/market)data_dag.py
[2026-06-11T14:15:03.889+0000] {processor.py:914} INFO - Processing file /opt/airflow/dags/market)data_dag.py for tasks to queue
[2026-06-11T14:15:03.891+0000] {logging_mixin.py:190} INFO - [2026-06-11T14:15:03.890+0000] {dagbag.py:588} INFO - Filling up the DagBag from /opt/airflow/dags/market)data_dag.py
[2026-06-11T14:15:03.901+0000] {processor.py:925} INFO - DAG(s) 'market_data_pipeline' retrieved from /opt/airflow/dags/market)data_dag.py
[2026-06-11T14:15:03.920+0000] {logging_mixin.py:190} INFO - [2026-06-11T14:15:03.919+0000] {dag.py:3239} INFO - Sync 1 DAGs
[2026-06-11T14:15:03.934+0000] {logging_mixin.py:190} INFO - [2026-06-11T14:15:03.934+0000] {dag.py:4180} INFO - Setting next_dagrun for market_data_pipeline to 2026-06-11 14:10:00+00:00, run_after=2026-06-11 14:15:00+00:00
[2026-06-11T14:15:03.944+0000] {processor.py:208} INFO - Processing /opt/airflow/dags/market)data_dag.py took 0.061 seconds
[2026-06-11T14:15:34.025+0000] {processor.py:186} INFO - Started process (PID=621) to work on /opt/airflow/dags/market)data_dag.py
[2026-06-11T14:15:34.026+0000] {processor.py:914} INFO - Processing file /opt/airflow/dags/market)data_dag.py for tasks to queue
[2026-06-11T14:15:34.028+0000] {logging_mixin.py:190} INFO - [2026-06-11T14:15:34.028+0000] {dagbag.py:588} INFO - Filling up the DagBag from /opt/airflow/dags/market)data_dag.py
[2026-06-11T14:15:34.035+0000] {processor.py:925} INFO - DAG(s) 'market_data_pipeline' retrieved from /opt/airflow/dags/market)data_dag.py
[2026-06-11T14:15:34.053+0000] {logging_mixin.py:190} INFO - [2026-06-11T14:15:34.053+0000] {dag.py:3239} INFO - Sync 1 DAGs
[2026-06-11T14:15:34.069+0000] {logging_mixin.py:190} INFO - [2026-06-11T14:15:34.069+0000] {dag.py:4180} INFO - Setting next_dagrun for market_data_pipeline to 2026-06-11 14:10:00+00:00, run_after=2026-06-11 14:15:00+00:00
[2026-06-11T14:15:34.080+0000] {processor.py:208} INFO - Processing /opt/airflow/dags/market)data_dag.py took 0.059 seconds
[2026-06-11T14:16:04.157+0000] {processor.py:186} INFO - Started process (PID=626) to work on /opt/airflow/dags/market)data_dag.py
[2026-06-11T14:16:04.157+0000] {processor.py:914} INFO - Processing file /opt/airflow/dags/market)data_dag.py for tasks to queue
[2026-06-11T14:16:04.158+0000] {logging_mixin.py:190} INFO - [2026-06-11T14:16:04.158+0000] {dagbag.py:588} INFO - Filling up the DagBag from /opt/airflow/dags/market)data_dag.py
[2026-06-11T14:16:04.164+0000] {processor.py:925} INFO - DAG(s) 'market_data_pipeline' retrieved from /opt/airflow/dags/market)data_dag.py
[2026-06-11T14:16:04.181+0000] {logging_mixin.py:190} INFO - [2026-06-11T14:16:04.181+0000] {dag.py:3239} INFO - Sync 1 DAGs
[2026-06-11T14:16:04.195+0000] {logging_mixin.py:190} INFO - [2026-06-11T14:16:04.195+0000] {dag.py:4180} INFO - Setting next_dagrun for market_data_pipeline to 2026-06-11 14:10:00+00:00, run_after=2026-06-11 14:15:00+00:00
[2026-06-11T14:16:04.205+0000] {processor.py:208} INFO - Processing /opt/airflow/dags/market)data_dag.py took 0.052 seconds
[2026-06-11T14:16:34.278+0000] {processor.py:186} INFO - Started process (PID=631) to work on /opt/airflow/dags/market)data_dag.py
[2026-06-11T14:16:34.279+0000] {processor.py:914} INFO - Processing file /opt/airflow/dags/market)data_dag.py for tasks to queue
[2026-06-11T14:16:34.280+0000] {logging_mixin.py:190} INFO - [2026-06-11T14:16:34.280+0000] {dagbag.py:588} INFO - Filling up the DagBag from /opt/airflow/dags/market)data_dag.py
[2026-06-11T14:16:34.286+0000] {processor.py:925} INFO - DAG(s) 'market_data_pipeline' retrieved from /opt/airflow/dags/market)data_dag.py
[2026-06-11T14:16:34.306+0000] {logging_mixin.py:190} INFO - [2026-06-11T14:16:34.306+0000] {dag.py:3239} INFO - Sync 1 DAGs
[2026-06-11T14:16:34.322+0000] {logging_mixin.py:190} INFO - [2026-06-11T14:16:34.322+0000] {dag.py:4180} INFO - Setting next_dagrun for market_data_pipeline to 2026-06-11 14:10:00+00:00, run_after=2026-06-11 14:15:00+00:00
[2026-06-11T14:16:34.332+0000] {processor.py:208} INFO - Processing /opt/airflow/dags/market)data_dag.py took 0.058 seconds
[2026-06-11T14:17:04.414+0000] {processor.py:186} INFO - Started process (PID=636) to work on /opt/airflow/dags/market)data_dag.py
[2026-06-11T14:17:04.415+0000] {processor.py:914} INFO - Processing file /opt/airflow/dags/market)data_dag.py for tasks to queue
[2026-06-11T14:17:04.416+0000] {logging_mixin.py:190} INFO - [2026-06-11T14:17:04.416+0000] {dagbag.py:588} INFO - Filling up the DagBag from /opt/airflow/dags/market)data_dag.py
[2026-06-11T14:17:04.423+0000] {processor.py:925} INFO - DAG(s) 'market_data_pipeline' retrieved from /opt/airflow/dags/market)data_dag.py
[2026-06-11T14:17:04.439+0000] {logging_mixin.py:190} INFO - [2026-06-11T14:17:04.439+0000] {dag.py:3239} INFO - Sync 1 DAGs
[2026-06-11T14:17:04.454+0000] {logging_mixin.py:190} INFO - [2026-06-11T14:17:04.454+0000] {dag.py:4180} INFO - Setting next_dagrun for market_data_pipeline to 2026-06-11 14:10:00+00:00, run_after=2026-06-11 14:15:00+00:00
[2026-06-11T14:17:04.464+0000] {processor.py:208} INFO - Processing /opt/airflow/dags/market)data_dag.py took 0.054 seconds
[2026-06-11T14:17:34.545+0000] {processor.py:186} INFO - Started process (PID=641) to work on /opt/airflow/dags/market)data_dag.py
[2026-06-11T14:17:34.546+0000] {processor.py:914} INFO - Processing file /opt/airflow/dags/market)data_dag.py for tasks to queue
[2026-06-11T14:17:34.548+0000] {logging_mixin.py:190} INFO - [2026-06-11T14:17:34.548+0000] {dagbag.py:588} INFO - Filling up the DagBag from /opt/airflow/dags/market)data_dag.py
[2026-06-11T14:17:34.553+0000] {processor.py:925} INFO - DAG(s) 'market_data_pipeline' retrieved from /opt/airflow/dags/market)data_dag.py
[2026-06-11T14:17:34.569+0000] {logging_mixin.py:190} INFO - [2026-06-11T14:17:34.569+0000] {dag.py:3239} INFO - Sync 1 DAGs
[2026-06-11T14:17:34.584+0000] {logging_mixin.py:190} INFO - [2026-06-11T14:17:34.584+0000] {dag.py:4180} INFO - Setting next_dagrun for market_data_pipeline to 2026-06-11 14:10:00+00:00, run_after=2026-06-11 14:15:00+00:00
[2026-06-11T14:17:34.594+0000] {processor.py:208} INFO - Processing /opt/airflow/dags/market)data_dag.py took 0.053 seconds
[2026-06-11T14:18:04.674+0000] {processor.py:186} INFO - Started process (PID=646) to work on /opt/airflow/dags/market)data_dag.py
[2026-06-11T14:18:04.675+0000] {processor.py:914} INFO - Processing file /opt/airflow/dags/market)data_dag.py for tasks to queue
[2026-06-11T14:18:04.677+0000] {logging_mixin.py:190} INFO - [2026-06-11T14:18:04.677+0000] {dagbag.py:588} INFO - Filling up the DagBag from /opt/airflow/dags/market)data_dag.py
[2026-06-11T14:18:04.684+0000] {processor.py:925} INFO - DAG(s) 'market_data_pipeline' retrieved from /opt/airflow/dags/market)data_dag.py
[2026-06-11T14:18:04.704+0000] {logging_mixin.py:190} INFO - [2026-06-11T14:18:04.703+0000] {dag.py:3239} INFO - Sync 1 DAGs
[2026-06-11T14:18:04.720+0000] {logging_mixin.py:190} INFO - [2026-06-11T14:18:04.720+0000] {dag.py:4180} INFO - Setting next_dagrun for market_data_pipeline to 2026-06-11 14:10:00+00:00, run_after=2026-06-11 14:15:00+00:00
[2026-06-11T14:18:04.731+0000] {processor.py:208} INFO - Processing /opt/airflow/dags/market)data_dag.py took 0.061 seconds
[2026-06-11T14:18:36.651+0000] {processor.py:186} INFO - Started process (PID=240) to work on /opt/airflow/dags/market)data_dag.py
[2026-06-11T14:18:36.652+0000] {processor.py:914} INFO - Processing file /opt/airflow/dags/market)data_dag.py for tasks to queue
[2026-06-11T14:18:36.653+0000] {logging_mixin.py:190} INFO - [2026-06-11T14:18:36.653+0000] {dagbag.py:588} INFO - Filling up the DagBag from /opt/airflow/dags/market)data_dag.py
[2026-06-11T14:18:36.659+0000] {processor.py:925} INFO - DAG(s) 'market_data_pipeline' retrieved from /opt/airflow/dags/market)data_dag.py
[2026-06-11T14:18:36.740+0000] {logging_mixin.py:190} INFO - [2026-06-11T14:18:36.740+0000] {override.py:1912} INFO - Created Permission View: can delete on DAG:market_data_pipeline
[2026-06-11T14:18:36.746+0000] {logging_mixin.py:190} INFO - [2026-06-11T14:18:36.746+0000] {override.py:1912} INFO - Created Permission View: can edit on DAG:market_data_pipeline
[2026-06-11T14:18:36.749+0000] {logging_mixin.py:190} INFO - [2026-06-11T14:18:36.749+0000] {override.py:1912} INFO - Created Permission View: can read on DAG:market_data_pipeline
[2026-06-11T14:18:36.753+0000] {logging_mixin.py:190} INFO - [2026-06-11T14:18:36.753+0000] {override.py:1912} INFO - Created Permission View: menu access on DAG Run:market_data_pipeline
[2026-06-11T14:18:36.756+0000] {logging_mixin.py:190} INFO - [2026-06-11T14:18:36.756+0000] {override.py:1912} INFO - Created Permission View: can create on DAG Run:market_data_pipeline
[2026-06-11T14:18:36.759+0000] {logging_mixin.py:190} INFO - [2026-06-11T14:18:36.759+0000] {override.py:1912} INFO - Created Permission View: can delete on DAG Run:market_data_pipeline
[2026-06-11T14:18:36.762+0000] {logging_mixin.py:190} INFO - [2026-06-11T14:18:36.762+0000] {override.py:1912} INFO - Created Permission View: can read on DAG Run:market_data_pipeline
[2026-06-11T14:18:36.762+0000] {logging_mixin.py:190} INFO - [2026-06-11T14:18:36.762+0000] {dag.py:3239} INFO - Sync 1 DAGs
[2026-06-11T14:18:36.770+0000] {logging_mixin.py:190} INFO - [2026-06-11T14:18:36.769+0000] {dag.py:3262} INFO - Creating ORM DAG for market_data_pipeline
[2026-06-11T14:18:36.777+0000] {logging_mixin.py:190} INFO - [2026-06-11T14:18:36.777+0000] {dag.py:4180} INFO - Setting next_dagrun for market_data_pipeline to 2026-06-11 14:10:00+00:00, run_after=2026-06-11 14:15:00+00:00
[2026-06-11T14:18:36.787+0000] {processor.py:208} INFO - Processing /opt/airflow/dags/market)data_dag.py took 0.140 seconds
[2026-06-11T14:19:06.888+0000] {processor.py:186} INFO - Started process (PID=278) to work on /opt/airflow/dags/market)data_dag.py
[2026-06-11T14:19:06.888+0000] {processor.py:914} INFO - Processing file /opt/airflow/dags/market)data_dag.py for tasks to queue
[2026-06-11T14:19:06.890+0000] {logging_mixin.py:190} INFO - [2026-06-11T14:19:06.890+0000] {dagbag.py:588} INFO - Filling up the DagBag from /opt/airflow/dags/market)data_dag.py
[2026-06-11T14:19:06.897+0000] {processor.py:925} INFO - DAG(s) 'market_data_pipeline' retrieved from /opt/airflow/dags/market)data_dag.py
[2026-06-11T14:19:06.914+0000] {logging_mixin.py:190} INFO - [2026-06-11T14:19:06.914+0000] {dag.py:3239} INFO - Sync 1 DAGs
[2026-06-11T14:19:06.931+0000] {logging_mixin.py:190} INFO - [2026-06-11T14:19:06.931+0000] {dag.py:4180} INFO - Setting next_dagrun for market_data_pipeline to 2026-06-11 14:10:00+00:00, run_after=2026-06-11 14:15:00+00:00
[2026-06-11T14:19:06.941+0000] {processor.py:208} INFO - Processing /opt/airflow/dags/market)data_dag.py took 0.060 seconds
[2026-06-11T14:19:36.995+0000] {processor.py:186} INFO - Started process (PID=284) to work on /opt/airflow/dags/market)data_dag.py
[2026-06-11T14:19:36.995+0000] {processor.py:914} INFO - Processing file /opt/airflow/dags/market)data_dag.py for tasks to queue
[2026-06-11T14:19:36.997+0000] {logging_mixin.py:190} INFO - [2026-06-11T14:19:36.997+0000] {dagbag.py:588} INFO - Filling up the DagBag from /opt/airflow/dags/market)data_dag.py
[2026-06-11T14:19:37.006+0000] {processor.py:925} INFO - DAG(s) 'market_data_pipeline' retrieved from /opt/airflow/dags/market)data_dag.py
[2026-06-11T14:19:37.027+0000] {logging_mixin.py:190} INFO - [2026-06-11T14:19:37.027+0000] {dag.py:3239} INFO - Sync 1 DAGs
[2026-06-11T14:19:37.043+0000] {logging_mixin.py:190} INFO - [2026-06-11T14:19:37.042+0000] {dag.py:4180} INFO - Setting next_dagrun for market_data_pipeline to 2026-06-11 14:10:00+00:00, run_after=2026-06-11 14:15:00+00:00
[2026-06-11T14:19:37.053+0000] {processor.py:208} INFO - Processing /opt/airflow/dags/market)data_dag.py took 0.062 seconds
[2026-06-11T14:20:15.025+0000] {processor.py:186} INFO - Started process (PID=241) to work on /opt/airflow/dags/market)data_dag.py
[2026-06-11T14:20:15.025+0000] {processor.py:914} INFO - Processing file /opt/airflow/dags/market)data_dag.py for tasks to queue
[2026-06-11T14:20:15.027+0000] {logging_mixin.py:190} INFO - [2026-06-11T14:20:15.027+0000] {dagbag.py:588} INFO - Filling up the DagBag from /opt/airflow/dags/market)data_dag.py
[2026-06-11T14:20:15.033+0000] {processor.py:925} INFO - DAG(s) 'market_data_pipeline' retrieved from /opt/airflow/dags/market)data_dag.py
[2026-06-11T14:20:15.110+0000] {logging_mixin.py:190} INFO - [2026-06-11T14:20:15.110+0000] {override.py:1912} INFO - Created Permission View: can edit on DAG:market_data_pipeline
[2026-06-11T14:20:15.116+0000] {logging_mixin.py:190} INFO - [2026-06-11T14:20:15.116+0000] {override.py:1912} INFO - Created Permission View: can read on DAG:market_data_pipeline
[2026-06-11T14:20:15.119+0000] {logging_mixin.py:190} INFO - [2026-06-11T14:20:15.119+0000] {override.py:1912} INFO - Created Permission View: can delete on DAG:market_data_pipeline
[2026-06-11T14:20:15.123+0000] {logging_mixin.py:190} INFO - [2026-06-11T14:20:15.123+0000] {override.py:1912} INFO - Created Permission View: menu access on DAG Run:market_data_pipeline
[2026-06-11T14:20:15.126+0000] {logging_mixin.py:190} INFO - [2026-06-11T14:20:15.126+0000] {override.py:1912} INFO - Created Permission View: can read on DAG Run:market_data_pipeline
[2026-06-11T14:20:15.129+0000] {logging_mixin.py:190} INFO - [2026-06-11T14:20:15.129+0000] {override.py:1912} INFO - Created Permission View: can delete on DAG Run:market_data_pipeline
[2026-06-11T14:20:15.132+0000] {logging_mixin.py:190} INFO - [2026-06-11T14:20:15.132+0000] {override.py:1912} INFO - Created Permission View: can create on DAG Run:market_data_pipeline
[2026-06-11T14:20:15.132+0000] {logging_mixin.py:190} INFO - [2026-06-11T14:20:15.132+0000] {dag.py:3239} INFO - Sync 1 DAGs
[2026-06-11T14:20:15.140+0000] {logging_mixin.py:190} INFO - [2026-06-11T14:20:15.139+0000] {dag.py:3262} INFO - Creating ORM DAG for market_data_pipeline
[2026-06-11T14:20:15.147+0000] {logging_mixin.py:190} INFO - [2026-06-11T14:20:15.147+0000] {dag.py:4180} INFO - Setting next_dagrun for market_data_pipeline to 2026-06-11 14:15:00+00:00, run_after=2026-06-11 14:20:00+00:00
[2026-06-11T14:20:15.156+0000] {processor.py:208} INFO - Processing /opt/airflow/dags/market)data_dag.py took 0.136 seconds
[2026-06-11T14:20:45.248+0000] {processor.py:186} INFO - Started process (PID=279) to work on /opt/airflow/dags/market)data_dag.py
[2026-06-11T14:20:45.249+0000] {processor.py:914} INFO - Processing file /opt/airflow/dags/market)data_dag.py for tasks to queue
[2026-06-11T14:20:45.251+0000] {logging_mixin.py:190} INFO - [2026-06-11T14:20:45.251+0000] {dagbag.py:588} INFO - Filling up the DagBag from /opt/airflow/dags/market)data_dag.py
[2026-06-11T14:20:45.258+0000] {processor.py:925} INFO - DAG(s) 'market_data_pipeline' retrieved from /opt/airflow/dags/market)data_dag.py
[2026-06-11T14:20:45.279+0000] {logging_mixin.py:190} INFO - [2026-06-11T14:20:45.278+0000] {dag.py:3239} INFO - Sync 1 DAGs
[2026-06-11T14:20:45.297+0000] {logging_mixin.py:190} INFO - [2026-06-11T14:20:45.296+0000] {dag.py:4180} INFO - Setting next_dagrun for market_data_pipeline to 2026-06-11 14:15:00+00:00, run_after=2026-06-11 14:20:00+00:00
[2026-06-11T14:20:45.307+0000] {processor.py:208} INFO - Processing /opt/airflow/dags/market)data_dag.py took 0.062 seconds
[2026-06-11T14:21:15.376+0000] {processor.py:186} INFO - Started process (PID=284) to work on /opt/airflow/dags/market)data_dag.py
[2026-06-11T14:21:15.377+0000] {processor.py:914} INFO - Processing file /opt/airflow/dags/market)data_dag.py for tasks to queue
[2026-06-11T14:21:15.379+0000] {logging_mixin.py:190} INFO - [2026-06-11T14:21:15.378+0000] {dagbag.py:588} INFO - Filling up the DagBag from /opt/airflow/dags/market)data_dag.py
[2026-06-11T14:21:15.386+0000] {processor.py:925} INFO - DAG(s) 'market_data_pipeline' retrieved from /opt/airflow/dags/market)data_dag.py
[2026-06-11T14:21:15.405+0000] {logging_mixin.py:190} INFO - [2026-06-11T14:21:15.405+0000] {dag.py:3239} INFO - Sync 1 DAGs
[2026-06-11T14:21:15.421+0000] {logging_mixin.py:190} INFO - [2026-06-11T14:21:15.421+0000] {dag.py:4180} INFO - Setting next_dagrun for market_data_pipeline to 2026-06-11 14:15:00+00:00, run_after=2026-06-11 14:20:00+00:00
[2026-06-11T14:21:15.432+0000] {processor.py:208} INFO - Processing /opt/airflow/dags/market)data_dag.py took 0.059 seconds
[2026-06-11T14:21:55.030+0000] {processor.py:186} INFO - Started process (PID=245) to work on /opt/airflow/dags/market)data_dag.py
[2026-06-11T14:21:55.030+0000] {processor.py:914} INFO - Processing file /opt/airflow/dags/market)data_dag.py for tasks to queue
[2026-06-11T14:21:55.032+0000] {logging_mixin.py:190} INFO - [2026-06-11T14:21:55.032+0000] {dagbag.py:588} INFO - Filling up the DagBag from /opt/airflow/dags/market)data_dag.py
[2026-06-11T14:21:55.038+0000] {processor.py:925} INFO - DAG(s) 'market_data_pipeline' retrieved from /opt/airflow/dags/market)data_dag.py
[2026-06-11T14:21:55.112+0000] {logging_mixin.py:190} INFO - [2026-06-11T14:21:55.112+0000] {override.py:1912} INFO - Created Permission View: can read on DAG:market_data_pipeline
[2026-06-11T14:21:55.118+0000] {logging_mixin.py:190} INFO - [2026-06-11T14:21:55.118+0000] {override.py:1912} INFO - Created Permission View: can edit on DAG:market_data_pipeline
[2026-06-11T14:21:55.122+0000] {logging_mixin.py:190} INFO - [2026-06-11T14:21:55.121+0000] {override.py:1912} INFO - Created Permission View: can delete on DAG:market_data_pipeline
[2026-06-11T14:21:55.125+0000] {logging_mixin.py:190} INFO - [2026-06-11T14:21:55.125+0000] {override.py:1912} INFO - Created Permission View: can read on DAG Run:market_data_pipeline
[2026-06-11T14:21:55.128+0000] {logging_mixin.py:190} INFO - [2026-06-11T14:21:55.128+0000] {override.py:1912} INFO - Created Permission View: menu access on DAG Run:market_data_pipeline
[2026-06-11T14:21:55.131+0000] {logging_mixin.py:190} INFO - [2026-06-11T14:21:55.131+0000] {override.py:1912} INFO - Created Permission View: can delete on DAG Run:market_data_pipeline
[2026-06-11T14:21:55.134+0000] {logging_mixin.py:190} INFO - [2026-06-11T14:21:55.134+0000] {override.py:1912} INFO - Created Permission View: can create on DAG Run:market_data_pipeline
[2026-06-11T14:21:55.134+0000] {logging_mixin.py:190} INFO - [2026-06-11T14:21:55.134+0000] {dag.py:3239} INFO - Sync 1 DAGs
[2026-06-11T14:21:55.142+0000] {logging_mixin.py:190} INFO - [2026-06-11T14:21:55.142+0000] {dag.py:3262} INFO - Creating ORM DAG for market_data_pipeline
[2026-06-11T14:21:55.150+0000] {logging_mixin.py:190} INFO - [2026-06-11T14:21:55.149+0000] {dag.py:4180} INFO - Setting next_dagrun for market_data_pipeline to 2026-06-11 14:15:00+00:00, run_after=2026-06-11 14:20:00+00:00
[2026-06-11T14:21:55.159+0000] {processor.py:208} INFO - Processing /opt/airflow/dags/market)data_dag.py took 0.133 seconds
[2026-06-11T14:23:09.271+0000] {processor.py:186} INFO - Started process (PID=245) to work on /opt/airflow/dags/market)data_dag.py
[2026-06-11T14:23:09.272+0000] {processor.py:914} INFO - Processing file /opt/airflow/dags/market)data_dag.py for tasks to queue
[2026-06-11T14:23:09.274+0000] {logging_mixin.py:190} INFO - [2026-06-11T14:23:09.273+0000] {dagbag.py:588} INFO - Filling up the DagBag from /opt/airflow/dags/market)data_dag.py
[2026-06-11T14:23:09.279+0000] {processor.py:925} INFO - DAG(s) 'market_data_pipeline' retrieved from /opt/airflow/dags/market)data_dag.py
[2026-06-11T14:23:09.354+0000] {logging_mixin.py:190} INFO - [2026-06-11T14:23:09.353+0000] {override.py:1912} INFO - Created Permission View: can delete on DAG:market_data_pipeline
[2026-06-11T14:23:09.360+0000] {logging_mixin.py:190} INFO - [2026-06-11T14:23:09.360+0000] {override.py:1912} INFO - Created Permission View: can read on DAG:market_data_pipeline
[2026-06-11T14:23:09.363+0000] {logging_mixin.py:190} INFO - [2026-06-11T14:23:09.363+0000] {override.py:1912} INFO - Created Permission View: can edit on DAG:market_data_pipeline
[2026-06-11T14:23:09.367+0000] {logging_mixin.py:190} INFO - [2026-06-11T14:23:09.367+0000] {override.py:1912} INFO - Created Permission View: can delete on DAG Run:market_data_pipeline
[2026-06-11T14:23:09.371+0000] {logging_mixin.py:190} INFO - [2026-06-11T14:23:09.371+0000] {override.py:1912} INFO - Created Permission View: can read on DAG Run:market_data_pipeline
[2026-06-11T14:23:09.374+0000] {logging_mixin.py:190} INFO - [2026-06-11T14:23:09.374+0000] {override.py:1912} INFO - Created Permission View: can create on DAG Run:market_data_pipeline
[2026-06-11T14:23:09.377+0000] {logging_mixin.py:190} INFO - [2026-06-11T14:23:09.377+0000] {override.py:1912} INFO - Created Permission View: menu access on DAG Run:market_data_pipeline
[2026-06-11T14:23:09.378+0000] {logging_mixin.py:190} INFO - [2026-06-11T14:23:09.377+0000] {dag.py:3239} INFO - Sync 1 DAGs
[2026-06-11T14:23:09.386+0000] {logging_mixin.py:190} INFO - [2026-06-11T14:23:09.385+0000] {dag.py:3262} INFO - Creating ORM DAG for market_data_pipeline
[2026-06-11T14:23:09.394+0000] {logging_mixin.py:190} INFO - [2026-06-11T14:23:09.394+0000] {dag.py:4180} INFO - Setting next_dagrun for market_data_pipeline to 2026-06-11 14:15:00+00:00, run_after=2026-06-11 14:20:00+00:00
[2026-06-11T14:23:09.404+0000] {processor.py:208} INFO - Processing /opt/airflow/dags/market)data_dag.py took 0.136 seconds
[2026-06-11T14:23:39.499+0000] {processor.py:186} INFO - Started process (PID=284) to work on /opt/airflow/dags/market)data_dag.py
[2026-06-11T14:23:39.500+0000] {processor.py:914} INFO - Processing file /opt/airflow/dags/market)data_dag.py for tasks to queue
[2026-06-11T14:23:39.502+0000] {logging_mixin.py:190} INFO - [2026-06-11T14:23:39.501+0000] {dagbag.py:588} INFO - Filling up the DagBag from /opt/airflow/dags/market)data_dag.py
[2026-06-11T14:23:39.508+0000] {processor.py:925} INFO - DAG(s) 'market_data_pipeline' retrieved from /opt/airflow/dags/market)data_dag.py
[2026-06-11T14:23:39.527+0000] {logging_mixin.py:190} INFO - [2026-06-11T14:23:39.526+0000] {dag.py:3239} INFO - Sync 1 DAGs
[2026-06-11T14:23:39.544+0000] {logging_mixin.py:190} INFO - [2026-06-11T14:23:39.544+0000] {dag.py:4180} INFO - Setting next_dagrun for market_data_pipeline to 2026-06-11 14:15:00+00:00, run_after=2026-06-11 14:20:00+00:00
[2026-06-11T14:23:39.555+0000] {processor.py:208} INFO - Processing /opt/airflow/dags/market)data_dag.py took 0.060 seconds
[2026-06-11T14:24:09.606+0000] {processor.py:186} INFO - Started process (PID=289) to work on /opt/airflow/dags/market)data_dag.py
[2026-06-11T14:24:09.606+0000] {processor.py:914} INFO - Processing file /opt/airflow/dags/market)data_dag.py for tasks to queue
[2026-06-11T14:24:09.608+0000] {logging_mixin.py:190} INFO - [2026-06-11T14:24:09.608+0000] {dagbag.py:588} INFO - Filling up the DagBag from /opt/airflow/dags/market)data_dag.py
[2026-06-11T14:24:09.615+0000] {processor.py:925} INFO - DAG(s) 'market_data_pipeline' retrieved from /opt/airflow/dags/market)data_dag.py
[2026-06-11T14:24:09.637+0000] {logging_mixin.py:190} INFO - [2026-06-11T14:24:09.636+0000] {dag.py:3239} INFO - Sync 1 DAGs
[2026-06-11T14:24:09.652+0000] {logging_mixin.py:190} INFO - [2026-06-11T14:24:09.652+0000] {dag.py:4180} INFO - Setting next_dagrun for market_data_pipeline to 2026-06-11 14:15:00+00:00, run_after=2026-06-11 14:20:00+00:00
[2026-06-11T14:24:09.663+0000] {processor.py:208} INFO - Processing /opt/airflow/dags/market)data_dag.py took 0.062 seconds
[2026-06-11T14:24:39.754+0000] {processor.py:186} INFO - Started process (PID=294) to work on /opt/airflow/dags/market)data_dag.py
[2026-06-11T14:24:39.754+0000] {processor.py:914} INFO - Processing file /opt/airflow/dags/market)data_dag.py for tasks to queue
[2026-06-11T14:24:39.758+0000] {logging_mixin.py:190} INFO - [2026-06-11T14:24:39.758+0000] {dagbag.py:588} INFO - Filling up the DagBag from /opt/airflow/dags/market)data_dag.py
[2026-06-11T14:24:39.765+0000] {processor.py:925} INFO - DAG(s) 'market_data_pipeline' retrieved from /opt/airflow/dags/market)data_dag.py
[2026-06-11T14:24:39.784+0000] {logging_mixin.py:190} INFO - [2026-06-11T14:24:39.784+0000] {dag.py:3239} INFO - Sync 1 DAGs
[2026-06-11T14:24:39.800+0000] {logging_mixin.py:190} INFO - [2026-06-11T14:24:39.800+0000] {dag.py:4180} INFO - Setting next_dagrun for market_data_pipeline to 2026-06-11 14:15:00+00:00, run_after=2026-06-11 14:20:00+00:00
[2026-06-11T14:24:39.811+0000] {processor.py:208} INFO - Processing /opt/airflow/dags/market)data_dag.py took 0.062 seconds
[2026-06-11T14:25:09.869+0000] {processor.py:186} INFO - Started process (PID=299) to work on /opt/airflow/dags/market)data_dag.py
[2026-06-11T14:25:09.869+0000] {processor.py:914} INFO - Processing file /opt/airflow/dags/market)data_dag.py for tasks to queue
[2026-06-11T14:25:09.871+0000] {logging_mixin.py:190} INFO - [2026-06-11T14:25:09.870+0000] {dagbag.py:588} INFO - Filling up the DagBag from /opt/airflow/dags/market)data_dag.py
[2026-06-11T14:25:09.877+0000] {processor.py:925} INFO - DAG(s) 'market_data_pipeline' retrieved from /opt/airflow/dags/market)data_dag.py
[2026-06-11T14:25:09.896+0000] {logging_mixin.py:190} INFO - [2026-06-11T14:25:09.896+0000] {dag.py:3239} INFO - Sync 1 DAGs
[2026-06-11T14:25:09.913+0000] {logging_mixin.py:190} INFO - [2026-06-11T14:25:09.912+0000] {dag.py:4180} INFO - Setting next_dagrun for market_data_pipeline to 2026-06-11 14:20:00+00:00, run_after=2026-06-11 14:25:00+00:00
[2026-06-11T14:25:09.924+0000] {processor.py:208} INFO - Processing /opt/airflow/dags/market)data_dag.py took 0.059 seconds
[2026-06-11T14:25:52.810+0000] {processor.py:186} INFO - Started process (PID=231) to work on /opt/airflow/dags/market)data_dag.py
[2026-06-11T14:25:52.810+0000] {processor.py:914} INFO - Processing file /opt/airflow/dags/market)data_dag.py for tasks to queue
[2026-06-11T14:25:52.812+0000] {logging_mixin.py:190} INFO - [2026-06-11T14:25:52.812+0000] {dagbag.py:588} INFO - Filling up the DagBag from /opt/airflow/dags/market)data_dag.py
[2026-06-11T14:25:52.818+0000] {processor.py:925} INFO - DAG(s) 'market_data_pipeline' retrieved from /opt/airflow/dags/market)data_dag.py
[2026-06-11T14:25:52.843+0000] {logging_mixin.py:190} INFO - [2026-06-11T14:25:52.843+0000] {dag.py:3239} INFO - Sync 1 DAGs
[2026-06-11T14:25:52.857+0000] {logging_mixin.py:190} INFO - [2026-06-11T14:25:52.857+0000] {dag.py:4180} INFO - Setting next_dagrun for market_data_pipeline to 2026-06-11 14:20:00+00:00, run_after=2026-06-11 14:25:00+00:00
[2026-06-11T14:25:52.869+0000] {processor.py:208} INFO - Processing /opt/airflow/dags/market)data_dag.py took 0.063 seconds
[2026-06-11T14:26:22.939+0000] {processor.py:186} INFO - Started process (PID=269) to work on /opt/airflow/dags/market)data_dag.py
[2026-06-11T14:26:22.939+0000] {processor.py:914} INFO - Processing file /opt/airflow/dags/market)data_dag.py for tasks to queue
[2026-06-11T14:26:22.941+0000] {logging_mixin.py:190} INFO - [2026-06-11T14:26:22.941+0000] {dagbag.py:588} INFO - Filling up the DagBag from /opt/airflow/dags/market)data_dag.py
[2026-06-11T14:26:22.949+0000] {processor.py:925} INFO - DAG(s) 'market_data_pipeline' retrieved from /opt/airflow/dags/market)data_dag.py
[2026-06-11T14:26:22.970+0000] {logging_mixin.py:190} INFO - [2026-06-11T14:26:22.970+0000] {dag.py:3239} INFO - Sync 1 DAGs
[2026-06-11T14:26:22.988+0000] {logging_mixin.py:190} INFO - [2026-06-11T14:26:22.988+0000] {dag.py:4180} INFO - Setting next_dagrun for market_data_pipeline to 2026-06-11 14:20:00+00:00, run_after=2026-06-11 14:25:00+00:00
[2026-06-11T14:26:22.999+0000] {processor.py:208} INFO - Processing /opt/airflow/dags/market)data_dag.py took 0.065 seconds
[2026-06-11T14:26:53.078+0000] {processor.py:186} INFO - Started process (PID=274) to work on /opt/airflow/dags/market)data_dag.py
[2026-06-11T14:26:53.079+0000] {processor.py:914} INFO - Processing file /opt/airflow/dags/market)data_dag.py for tasks to queue
[2026-06-11T14:26:53.081+0000] {logging_mixin.py:190} INFO - [2026-06-11T14:26:53.080+0000] {dagbag.py:588} INFO - Filling up the DagBag from /opt/airflow/dags/market)data_dag.py
[2026-06-11T14:26:53.088+0000] {processor.py:925} INFO - DAG(s) 'market_data_pipeline' retrieved from /opt/airflow/dags/market)data_dag.py
[2026-06-11T14:26:53.107+0000] {logging_mixin.py:190} INFO - [2026-06-11T14:26:53.107+0000] {dag.py:3239} INFO - Sync 1 DAGs
[2026-06-11T14:26:53.123+0000] {logging_mixin.py:190} INFO - [2026-06-11T14:26:53.123+0000] {dag.py:4180} INFO - Setting next_dagrun for market_data_pipeline to 2026-06-11 14:20:00+00:00, run_after=2026-06-11 14:25:00+00:00
[2026-06-11T14:26:53.133+0000] {processor.py:208} INFO - Processing /opt/airflow/dags/market)data_dag.py took 0.060 seconds
[2026-06-11T14:27:23.196+0000] {processor.py:186} INFO - Started process (PID=279) to work on /opt/airflow/dags/market)data_dag.py
[2026-06-11T14:27:23.196+0000] {processor.py:914} INFO - Processing file /opt/airflow/dags/market)data_dag.py for tasks to queue
[2026-06-11T14:27:23.200+0000] {logging_mixin.py:190} INFO - [2026-06-11T14:27:23.200+0000] {dagbag.py:588} INFO - Filling up the DagBag from /opt/airflow/dags/market)data_dag.py
[2026-06-11T14:27:23.208+0000] {processor.py:925} INFO - DAG(s) 'market_data_pipeline' retrieved from /opt/airflow/dags/market)data_dag.py
[2026-06-11T14:27:23.228+0000] {logging_mixin.py:190} INFO - [2026-06-11T14:27:23.228+0000] {dag.py:3239} INFO - Sync 1 DAGs
[2026-06-11T14:27:23.246+0000] {logging_mixin.py:190} INFO - [2026-06-11T14:27:23.246+0000] {dag.py:4180} INFO - Setting next_dagrun for market_data_pipeline to 2026-06-11 14:20:00+00:00, run_after=2026-06-11 14:25:00+00:00
[2026-06-11T14:27:23.258+0000] {processor.py:208} INFO - Processing /opt/airflow/dags/market)data_dag.py took 0.068 seconds
[2026-06-11T14:27:53.355+0000] {processor.py:186} INFO - Started process (PID=284) to work on /opt/airflow/dags/market)data_dag.py
[2026-06-11T14:27:53.355+0000] {processor.py:914} INFO - Processing file /opt/airflow/dags/market)data_dag.py for tasks to queue
[2026-06-11T14:27:53.357+0000] {logging_mixin.py:190} INFO - [2026-06-11T14:27:53.357+0000] {dagbag.py:588} INFO - Filling up the DagBag from /opt/airflow/dags/market)data_dag.py
[2026-06-11T14:27:53.365+0000] {processor.py:925} INFO - DAG(s) 'market_data_pipeline' retrieved from /opt/airflow/dags/market)data_dag.py
[2026-06-11T14:27:53.383+0000] {logging_mixin.py:190} INFO - [2026-06-11T14:27:53.383+0000] {dag.py:3239} INFO - Sync 1 DAGs
[2026-06-11T14:27:53.399+0000] {logging_mixin.py:190} INFO - [2026-06-11T14:27:53.399+0000] {dag.py:4180} INFO - Setting next_dagrun for market_data_pipeline to 2026-06-11 14:20:00+00:00, run_after=2026-06-11 14:25:00+00:00
[2026-06-11T14:27:53.410+0000] {processor.py:208} INFO - Processing /opt/airflow/dags/market)data_dag.py took 0.060 seconds
[2026-06-11T14:28:23.495+0000] {processor.py:186} INFO - Started process (PID=289) to work on /opt/airflow/dags/market)data_dag.py
[2026-06-11T14:28:23.496+0000] {processor.py:914} INFO - Processing file /opt/airflow/dags/market)data_dag.py for tasks to queue
[2026-06-11T14:28:23.497+0000] {logging_mixin.py:190} INFO - [2026-06-11T14:28:23.497+0000] {dagbag.py:588} INFO - Filling up the DagBag from /opt/airflow/dags/market)data_dag.py
[2026-06-11T14:28:23.505+0000] {processor.py:925} INFO - DAG(s) 'market_data_pipeline' retrieved from /opt/airflow/dags/market)data_dag.py
[2026-06-11T14:28:23.526+0000] {logging_mixin.py:190} INFO - [2026-06-11T14:28:23.525+0000] {dag.py:3239} INFO - Sync 1 DAGs
[2026-06-11T14:28:23.542+0000] {logging_mixin.py:190} INFO - [2026-06-11T14:28:23.542+0000] {dag.py:4180} INFO - Setting next_dagrun for market_data_pipeline to 2026-06-11 14:20:00+00:00, run_after=2026-06-11 14:25:00+00:00
[2026-06-11T14:28:23.554+0000] {processor.py:208} INFO - Processing /opt/airflow/dags/market)data_dag.py took 0.064 seconds
[2026-06-11T14:29:28.424+0000] {processor.py:186} INFO - Started process (PID=263) to work on /opt/airflow/dags/market)data_dag.py
[2026-06-11T14:29:28.425+0000] {processor.py:914} INFO - Processing file /opt/airflow/dags/market)data_dag.py for tasks to queue
[2026-06-11T14:29:28.426+0000] {logging_mixin.py:190} INFO - [2026-06-11T14:29:28.426+0000] {dagbag.py:588} INFO - Filling up the DagBag from /opt/airflow/dags/market)data_dag.py
[2026-06-11T14:29:28.433+0000] {processor.py:925} INFO - DAG(s) 'market_data_pipeline' retrieved from /opt/airflow/dags/market)data_dag.py
[2026-06-11T14:29:28.506+0000] {logging_mixin.py:190} INFO - [2026-06-11T14:29:28.505+0000] {override.py:1912} INFO - Created Permission View: can edit on DAG:market_data_pipeline
[2026-06-11T14:29:28.511+0000] {logging_mixin.py:190} INFO - [2026-06-11T14:29:28.511+0000] {override.py:1912} INFO - Created Permission View: can delete on DAG:market_data_pipeline
[2026-06-11T14:29:28.514+0000] {logging_mixin.py:190} INFO - [2026-06-11T14:29:28.514+0000] {override.py:1912} INFO - Created Permission View: can read on DAG:market_data_pipeline
[2026-06-11T14:29:28.518+0000] {logging_mixin.py:190} INFO - [2026-06-11T14:29:28.518+0000] {override.py:1912} INFO - Created Permission View: can create on DAG Run:market_data_pipeline
[2026-06-11T14:29:28.521+0000] {logging_mixin.py:190} INFO - [2026-06-11T14:29:28.521+0000] {override.py:1912} INFO - Created Permission View: can delete on DAG Run:market_data_pipeline
[2026-06-11T14:29:28.525+0000] {logging_mixin.py:190} INFO - [2026-06-11T14:29:28.525+0000] {override.py:1912} INFO - Created Permission View: menu access on DAG Run:market_data_pipeline
[2026-06-11T14:29:28.528+0000] {logging_mixin.py:190} INFO - [2026-06-11T14:29:28.528+0000] {override.py:1912} INFO - Created Permission View: can read on DAG Run:market_data_pipeline
[2026-06-11T14:29:28.529+0000] {logging_mixin.py:190} INFO - [2026-06-11T14:29:28.529+0000] {dag.py:3239} INFO - Sync 1 DAGs
[2026-06-11T14:29:28.536+0000] {logging_mixin.py:190} INFO - [2026-06-11T14:29:28.536+0000] {dag.py:3262} INFO - Creating ORM DAG for market_data_pipeline
[2026-06-11T14:29:28.544+0000] {logging_mixin.py:190} INFO - [2026-06-11T14:29:28.544+0000] {dag.py:4180} INFO - Setting next_dagrun for market_data_pipeline to 2026-06-11 14:20:00+00:00, run_after=2026-06-11 14:25:00+00:00
[2026-06-11T14:29:28.554+0000] {processor.py:208} INFO - Processing /opt/airflow/dags/market)data_dag.py took 0.134 seconds
[2026-06-11T14:29:58.650+0000] {processor.py:186} INFO - Started process (PID=302) to work on /opt/airflow/dags/market)data_dag.py
[2026-06-11T14:29:58.650+0000] {processor.py:914} INFO - Processing file /opt/airflow/dags/market)data_dag.py for tasks to queue
[2026-06-11T14:29:58.654+0000] {logging_mixin.py:190} INFO - [2026-06-11T14:29:58.653+0000] {dagbag.py:588} INFO - Filling up the DagBag from /opt/airflow/dags/market)data_dag.py
[2026-06-11T14:29:58.664+0000] {processor.py:925} INFO - DAG(s) 'market_data_pipeline' retrieved from /opt/airflow/dags/market)data_dag.py
[2026-06-11T14:29:58.684+0000] {logging_mixin.py:190} INFO - [2026-06-11T14:29:58.684+0000] {dag.py:3239} INFO - Sync 1 DAGs
[2026-06-11T14:29:58.703+0000] {logging_mixin.py:190} INFO - [2026-06-11T14:29:58.703+0000] {dag.py:4180} INFO - Setting next_dagrun for market_data_pipeline to 2026-06-11 14:20:00+00:00, run_after=2026-06-11 14:25:00+00:00
[2026-06-11T14:29:58.714+0000] {processor.py:208} INFO - Processing /opt/airflow/dags/market)data_dag.py took 0.069 seconds
[2026-06-11T14:30:28.761+0000] {processor.py:186} INFO - Started process (PID=307) to work on /opt/airflow/dags/market)data_dag.py
[2026-06-11T14:30:28.762+0000] {processor.py:914} INFO - Processing file /opt/airflow/dags/market)data_dag.py for tasks to queue
[2026-06-11T14:30:28.764+0000] {logging_mixin.py:190} INFO - [2026-06-11T14:30:28.764+0000] {dagbag.py:588} INFO - Filling up the DagBag from /opt/airflow/dags/market)data_dag.py
[2026-06-11T14:30:28.771+0000] {processor.py:925} INFO - DAG(s) 'market_data_pipeline' retrieved from /opt/airflow/dags/market)data_dag.py
[2026-06-11T14:30:28.791+0000] {logging_mixin.py:190} INFO - [2026-06-11T14:30:28.791+0000] {dag.py:3239} INFO - Sync 1 DAGs
[2026-06-11T14:30:28.806+0000] {logging_mixin.py:190} INFO - [2026-06-11T14:30:28.806+0000] {dag.py:4180} INFO - Setting next_dagrun for market_data_pipeline to 2026-06-11 14:25:00+00:00, run_after=2026-06-11 14:30:00+00:00
[2026-06-11T14:30:28.822+0000] {processor.py:208} INFO - Processing /opt/airflow/dags/market)data_dag.py took 0.065 seconds
[2026-06-11T14:30:58.914+0000] {processor.py:186} INFO - Started process (PID=312) to work on /opt/airflow/dags/market)data_dag.py
[2026-06-11T14:30:58.915+0000] {processor.py:914} INFO - Processing file /opt/airflow/dags/market)data_dag.py for tasks to queue
[2026-06-11T14:30:58.918+0000] {logging_mixin.py:190} INFO - [2026-06-11T14:30:58.918+0000] {dagbag.py:588} INFO - Filling up the DagBag from /opt/airflow/dags/market)data_dag.py
[2026-06-11T14:30:58.925+0000] {processor.py:925} INFO - DAG(s) 'market_data_pipeline' retrieved from /opt/airflow/dags/market)data_dag.py
[2026-06-11T14:30:58.944+0000] {logging_mixin.py:190} INFO - [2026-06-11T14:30:58.943+0000] {dag.py:3239} INFO - Sync 1 DAGs
[2026-06-11T14:30:58.961+0000] {logging_mixin.py:190} INFO - [2026-06-11T14:30:58.961+0000] {dag.py:4180} INFO - Setting next_dagrun for market_data_pipeline to 2026-06-11 14:25:00+00:00, run_after=2026-06-11 14:30:00+00:00
[2026-06-11T14:30:58.971+0000] {processor.py:208} INFO - Processing /opt/airflow/dags/market)data_dag.py took 0.061 seconds
[2026-06-11T14:31:29.029+0000] {processor.py:186} INFO - Started process (PID=317) to work on /opt/airflow/dags/market)data_dag.py
[2026-06-11T14:31:29.029+0000] {processor.py:914} INFO - Processing file /opt/airflow/dags/market)data_dag.py for tasks to queue
[2026-06-11T14:31:29.031+0000] {logging_mixin.py:190} INFO - [2026-06-11T14:31:29.030+0000] {dagbag.py:588} INFO - Filling up the DagBag from /opt/airflow/dags/market)data_dag.py
[2026-06-11T14:31:29.037+0000] {processor.py:925} INFO - DAG(s) 'market_data_pipeline' retrieved from /opt/airflow/dags/market)data_dag.py
[2026-06-11T14:31:29.056+0000] {logging_mixin.py:190} INFO - [2026-06-11T14:31:29.056+0000] {dag.py:3239} INFO - Sync 1 DAGs
[2026-06-11T14:31:29.072+0000] {logging_mixin.py:190} INFO - [2026-06-11T14:31:29.072+0000] {dag.py:4180} INFO - Setting next_dagrun for market_data_pipeline to 2026-06-11 14:25:00+00:00, run_after=2026-06-11 14:30:00+00:00
[2026-06-11T14:31:29.083+0000] {processor.py:208} INFO - Processing /opt/airflow/dags/market)data_dag.py took 0.058 seconds
[2026-06-11T14:31:59.177+0000] {processor.py:186} INFO - Started process (PID=322) to work on /opt/airflow/dags/market)data_dag.py
[2026-06-11T14:31:59.177+0000] {processor.py:914} INFO - Processing file /opt/airflow/dags/market)data_dag.py for tasks to queue
[2026-06-11T14:31:59.179+0000] {logging_mixin.py:190} INFO - [2026-06-11T14:31:59.178+0000] {dagbag.py:588} INFO - Filling up the DagBag from /opt/airflow/dags/market)data_dag.py
[2026-06-11T14:31:59.184+0000] {processor.py:925} INFO - DAG(s) 'market_data_pipeline' retrieved from /opt/airflow/dags/market)data_dag.py
[2026-06-11T14:31:59.201+0000] {logging_mixin.py:190} INFO - [2026-06-11T14:31:59.201+0000] {dag.py:3239} INFO - Sync 1 DAGs
[2026-06-11T14:31:59.216+0000] {logging_mixin.py:190} INFO - [2026-06-11T14:31:59.216+0000] {dag.py:4180} INFO - Setting next_dagrun for market_data_pipeline to 2026-06-11 14:25:00+00:00, run_after=2026-06-11 14:30:00+00:00
[2026-06-11T14:31:59.227+0000] {processor.py:208} INFO - Processing /opt/airflow/dags/market)data_dag.py took 0.054 seconds
[2026-06-11T14:32:29.289+0000] {processor.py:186} INFO - Started process (PID=327) to work on /opt/airflow/dags/market)data_dag.py
[2026-06-11T14:32:29.290+0000] {processor.py:914} INFO - Processing file /opt/airflow/dags/market)data_dag.py for tasks to queue
[2026-06-11T14:32:29.291+0000] {logging_mixin.py:190} INFO - [2026-06-11T14:32:29.291+0000] {dagbag.py:588} INFO - Filling up the DagBag from /opt/airflow/dags/market)data_dag.py
[2026-06-11T14:32:29.297+0000] {processor.py:925} INFO - DAG(s) 'market_data_pipeline' retrieved from /opt/airflow/dags/market)data_dag.py
[2026-06-11T14:32:29.316+0000] {logging_mixin.py:190} INFO - [2026-06-11T14:32:29.316+0000] {dag.py:3239} INFO - Sync 1 DAGs
[2026-06-11T14:32:29.333+0000] {logging_mixin.py:190} INFO - [2026-06-11T14:32:29.333+0000] {dag.py:4180} INFO - Setting next_dagrun for market_data_pipeline to 2026-06-11 14:25:00+00:00, run_after=2026-06-11 14:30:00+00:00
[2026-06-11T14:32:29.344+0000] {processor.py:208} INFO - Processing /opt/airflow/dags/market)data_dag.py took 0.059 seconds
[2026-06-11T14:32:59.432+0000] {processor.py:186} INFO - Started process (PID=332) to work on /opt/airflow/dags/market)data_dag.py
[2026-06-11T14:32:59.433+0000] {processor.py:914} INFO - Processing file /opt/airflow/dags/market)data_dag.py for tasks to queue
[2026-06-11T14:32:59.434+0000] {logging_mixin.py:190} INFO - [2026-06-11T14:32:59.434+0000] {dagbag.py:588} INFO - Filling up the DagBag from /opt/airflow/dags/market)data_dag.py
[2026-06-11T14:32:59.441+0000] {processor.py:925} INFO - DAG(s) 'market_data_pipeline' retrieved from /opt/airflow/dags/market)data_dag.py
[2026-06-11T14:32:59.459+0000] {logging_mixin.py:190} INFO - [2026-06-11T14:32:59.459+0000] {dag.py:3239} INFO - Sync 1 DAGs
[2026-06-11T14:32:59.476+0000] {logging_mixin.py:190} INFO - [2026-06-11T14:32:59.476+0000] {dag.py:4180} INFO - Setting next_dagrun for market_data_pipeline to 2026-06-11 14:25:00+00:00, run_after=2026-06-11 14:30:00+00:00
[2026-06-11T14:32:59.487+0000] {processor.py:208} INFO - Processing /opt/airflow/dags/market)data_dag.py took 0.059 seconds
[2026-06-11T14:33:29.554+0000] {processor.py:186} INFO - Started process (PID=337) to work on /opt/airflow/dags/market)data_dag.py
[2026-06-11T14:33:29.555+0000] {processor.py:914} INFO - Processing file /opt/airflow/dags/market)data_dag.py for tasks to queue
[2026-06-11T14:33:29.556+0000] {logging_mixin.py:190} INFO - [2026-06-11T14:33:29.556+0000] {dagbag.py:588} INFO - Filling up the DagBag from /opt/airflow/dags/market)data_dag.py
[2026-06-11T14:33:29.562+0000] {processor.py:925} INFO - DAG(s) 'market_data_pipeline' retrieved from /opt/airflow/dags/market)data_dag.py
[2026-06-11T14:33:29.579+0000] {logging_mixin.py:190} INFO - [2026-06-11T14:33:29.579+0000] {dag.py:3239} INFO - Sync 1 DAGs
[2026-06-11T14:33:29.594+0000] {logging_mixin.py:190} INFO - [2026-06-11T14:33:29.594+0000] {dag.py:4180} INFO - Setting next_dagrun for market_data_pipeline to 2026-06-11 14:25:00+00:00, run_after=2026-06-11 14:30:00+00:00
[2026-06-11T14:33:29.605+0000] {processor.py:208} INFO - Processing /opt/airflow/dags/market)data_dag.py took 0.055 seconds
[2026-06-11T14:33:59.694+0000] {processor.py:186} INFO - Started process (PID=342) to work on /opt/airflow/dags/market)data_dag.py
[2026-06-11T14:33:59.695+0000] {processor.py:914} INFO - Processing file /opt/airflow/dags/market)data_dag.py for tasks to queue
[2026-06-11T14:33:59.696+0000] {logging_mixin.py:190} INFO - [2026-06-11T14:33:59.696+0000] {dagbag.py:588} INFO - Filling up the DagBag from /opt/airflow/dags/market)data_dag.py
[2026-06-11T14:33:59.702+0000] {processor.py:925} INFO - DAG(s) 'market_data_pipeline' retrieved from /opt/airflow/dags/market)data_dag.py
[2026-06-11T14:33:59.719+0000] {logging_mixin.py:190} INFO - [2026-06-11T14:33:59.719+0000] {dag.py:3239} INFO - Sync 1 DAGs
[2026-06-11T14:33:59.735+0000] {logging_mixin.py:190} INFO - [2026-06-11T14:33:59.735+0000] {dag.py:4180} INFO - Setting next_dagrun for market_data_pipeline to 2026-06-11 14:25:00+00:00, run_after=2026-06-11 14:30:00+00:00
[2026-06-11T14:33:59.746+0000] {processor.py:208} INFO - Processing /opt/airflow/dags/market)data_dag.py took 0.056 seconds
[2026-06-11T14:34:29.819+0000] {processor.py:186} INFO - Started process (PID=347) to work on /opt/airflow/dags/market)data_dag.py
[2026-06-11T14:34:29.820+0000] {processor.py:914} INFO - Processing file /opt/airflow/dags/market)data_dag.py for tasks to queue
[2026-06-11T14:34:29.822+0000] {logging_mixin.py:190} INFO - [2026-06-11T14:34:29.821+0000] {dagbag.py:588} INFO - Filling up the DagBag from /opt/airflow/dags/market)data_dag.py
[2026-06-11T14:34:29.828+0000] {processor.py:925} INFO - DAG(s) 'market_data_pipeline' retrieved from /opt/airflow/dags/market)data_dag.py
[2026-06-11T14:34:29.846+0000] {logging_mixin.py:190} INFO - [2026-06-11T14:34:29.846+0000] {dag.py:3239} INFO - Sync 1 DAGs
[2026-06-11T14:34:29.862+0000] {logging_mixin.py:190} INFO - [2026-06-11T14:34:29.861+0000] {dag.py:4180} INFO - Setting next_dagrun for market_data_pipeline to 2026-06-11 14:25:00+00:00, run_after=2026-06-11 14:30:00+00:00
[2026-06-11T14:34:29.872+0000] {processor.py:208} INFO - Processing /opt/airflow/dags/market)data_dag.py took 0.057 seconds
[2026-06-11T14:35:03.861+0000] {processor.py:186} INFO - Started process (PID=263) to work on /opt/airflow/dags/market)data_dag.py
[2026-06-11T14:35:03.862+0000] {processor.py:914} INFO - Processing file /opt/airflow/dags/market)data_dag.py for tasks to queue
[2026-06-11T14:35:03.864+0000] {logging_mixin.py:190} INFO - [2026-06-11T14:35:03.863+0000] {dagbag.py:588} INFO - Filling up the DagBag from /opt/airflow/dags/market)data_dag.py
[2026-06-11T14:35:03.870+0000] {processor.py:925} INFO - DAG(s) 'market_data_pipeline' retrieved from /opt/airflow/dags/market)data_dag.py
[2026-06-11T14:35:03.946+0000] {logging_mixin.py:190} INFO - [2026-06-11T14:35:03.946+0000] {override.py:1912} INFO - Created Permission View: can delete on DAG:market_data_pipeline
[2026-06-11T14:35:03.952+0000] {logging_mixin.py:190} INFO - [2026-06-11T14:35:03.952+0000] {override.py:1912} INFO - Created Permission View: can read on DAG:market_data_pipeline
[2026-06-11T14:35:03.956+0000] {logging_mixin.py:190} INFO - [2026-06-11T14:35:03.956+0000] {override.py:1912} INFO - Created Permission View: can edit on DAG:market_data_pipeline
[2026-06-11T14:35:03.960+0000] {logging_mixin.py:190} INFO - [2026-06-11T14:35:03.960+0000] {override.py:1912} INFO - Created Permission View: menu access on DAG Run:market_data_pipeline
[2026-06-11T14:35:03.964+0000] {logging_mixin.py:190} INFO - [2026-06-11T14:35:03.963+0000] {override.py:1912} INFO - Created Permission View: can delete on DAG Run:market_data_pipeline
[2026-06-11T14:35:03.967+0000] {logging_mixin.py:190} INFO - [2026-06-11T14:35:03.967+0000] {override.py:1912} INFO - Created Permission View: can read on DAG Run:market_data_pipeline
[2026-06-11T14:35:03.970+0000] {logging_mixin.py:190} INFO - [2026-06-11T14:35:03.970+0000] {override.py:1912} INFO - Created Permission View: can create on DAG Run:market_data_pipeline
[2026-06-11T14:35:03.971+0000] {logging_mixin.py:190} INFO - [2026-06-11T14:35:03.971+0000] {dag.py:3239} INFO - Sync 1 DAGs
[2026-06-11T14:35:03.979+0000] {logging_mixin.py:190} INFO - [2026-06-11T14:35:03.978+0000] {dag.py:3262} INFO - Creating ORM DAG for market_data_pipeline
[2026-06-11T14:35:03.987+0000] {logging_mixin.py:190} INFO - [2026-06-11T14:35:03.987+0000] {dag.py:4180} INFO - Setting next_dagrun for market_data_pipeline to 2026-06-11 14:30:00+00:00, run_after=2026-06-11 14:35:00+00:00
[2026-06-11T14:35:03.998+0000] {processor.py:208} INFO - Processing /opt/airflow/dags/market)data_dag.py took 0.140 seconds
[2026-06-11T14:35:34.103+0000] {processor.py:186} INFO - Started process (PID=301) to work on /opt/airflow/dags/market)data_dag.py
[2026-06-11T14:35:34.104+0000] {processor.py:914} INFO - Processing file /opt/airflow/dags/market)data_dag.py for tasks to queue
[2026-06-11T14:35:34.105+0000] {logging_mixin.py:190} INFO - [2026-06-11T14:35:34.105+0000] {dagbag.py:588} INFO - Filling up the DagBag from /opt/airflow/dags/market)data_dag.py
[2026-06-11T14:35:34.113+0000] {processor.py:925} INFO - DAG(s) 'market_data_pipeline' retrieved from /opt/airflow/dags/market)data_dag.py
[2026-06-11T14:35:34.133+0000] {logging_mixin.py:190} INFO - [2026-06-11T14:35:34.133+0000] {dag.py:3239} INFO - Sync 1 DAGs
[2026-06-11T14:35:34.150+0000] {logging_mixin.py:190} INFO - [2026-06-11T14:35:34.150+0000] {dag.py:4180} INFO - Setting next_dagrun for market_data_pipeline to 2026-06-11 14:30:00+00:00, run_after=2026-06-11 14:35:00+00:00
[2026-06-11T14:35:34.162+0000] {processor.py:208} INFO - Processing /opt/airflow/dags/market)data_dag.py took 0.063 seconds
[2026-06-11T14:36:04.226+0000] {processor.py:186} INFO - Started process (PID=306) to work on /opt/airflow/dags/market)data_dag.py
[2026-06-11T14:36:04.227+0000] {processor.py:914} INFO - Processing file /opt/airflow/dags/market)data_dag.py for tasks to queue
[2026-06-11T14:36:04.229+0000] {logging_mixin.py:190} INFO - [2026-06-11T14:36:04.229+0000] {dagbag.py:588} INFO - Filling up the DagBag from /opt/airflow/dags/market)data_dag.py
[2026-06-11T14:36:04.236+0000] {processor.py:925} INFO - DAG(s) 'market_data_pipeline' retrieved from /opt/airflow/dags/market)data_dag.py
[2026-06-11T14:36:04.256+0000] {logging_mixin.py:190} INFO - [2026-06-11T14:36:04.256+0000] {dag.py:3239} INFO - Sync 1 DAGs
[2026-06-11T14:36:04.272+0000] {logging_mixin.py:190} INFO - [2026-06-11T14:36:04.272+0000] {dag.py:4180} INFO - Setting next_dagrun for market_data_pipeline to 2026-06-11 14:30:00+00:00, run_after=2026-06-11 14:35:00+00:00
[2026-06-11T14:36:04.282+0000] {processor.py:208} INFO - Processing /opt/airflow/dags/market)data_dag.py took 0.060 seconds
[2026-06-11T14:36:34.366+0000] {processor.py:186} INFO - Started process (PID=311) to work on /opt/airflow/dags/market)data_dag.py
[2026-06-11T14:36:34.367+0000] {processor.py:914} INFO - Processing file /opt/airflow/dags/market)data_dag.py for tasks to queue
[2026-06-11T14:36:34.370+0000] {logging_mixin.py:190} INFO - [2026-06-11T14:36:34.369+0000] {dagbag.py:588} INFO - Filling up the DagBag from /opt/airflow/dags/market)data_dag.py
[2026-06-11T14:36:34.376+0000] {processor.py:925} INFO - DAG(s) 'market_data_pipeline' retrieved from /opt/airflow/dags/market)data_dag.py
[2026-06-11T14:36:34.393+0000] {logging_mixin.py:190} INFO - [2026-06-11T14:36:34.393+0000] {dag.py:3239} INFO - Sync 1 DAGs
[2026-06-11T14:36:34.409+0000] {logging_mixin.py:190} INFO - [2026-06-11T14:36:34.409+0000] {dag.py:4180} INFO - Setting next_dagrun for market_data_pipeline to 2026-06-11 14:30:00+00:00, run_after=2026-06-11 14:35:00+00:00
[2026-06-11T14:36:34.420+0000] {processor.py:208} INFO - Processing /opt/airflow/dags/market)data_dag.py took 0.058 seconds
[2026-06-11T14:37:04.484+0000] {processor.py:186} INFO - Started process (PID=316) to work on /opt/airflow/dags/market)data_dag.py
[2026-06-11T14:37:04.485+0000] {processor.py:914} INFO - Processing file /opt/airflow/dags/market)data_dag.py for tasks to queue
[2026-06-11T14:37:04.487+0000] {logging_mixin.py:190} INFO - [2026-06-11T14:37:04.486+0000] {dagbag.py:588} INFO - Filling up the DagBag from /opt/airflow/dags/market)data_dag.py
[2026-06-11T14:37:04.493+0000] {processor.py:925} INFO - DAG(s) 'market_data_pipeline' retrieved from /opt/airflow/dags/market)data_dag.py
[2026-06-11T14:37:04.511+0000] {logging_mixin.py:190} INFO - [2026-06-11T14:37:04.511+0000] {dag.py:3239} INFO - Sync 1 DAGs
[2026-06-11T14:37:04.527+0000] {logging_mixin.py:190} INFO - [2026-06-11T14:37:04.527+0000] {dag.py:4180} INFO - Setting next_dagrun for market_data_pipeline to 2026-06-11 14:30:00+00:00, run_after=2026-06-11 14:35:00+00:00
[2026-06-11T14:37:04.537+0000] {processor.py:208} INFO - Processing /opt/airflow/dags/market)data_dag.py took 0.058 seconds
[2026-06-11T14:37:34.621+0000] {processor.py:186} INFO - Started process (PID=321) to work on /opt/airflow/dags/market)data_dag.py
[2026-06-11T14:37:34.622+0000] {processor.py:914} INFO - Processing file /opt/airflow/dags/market)data_dag.py for tasks to queue
[2026-06-11T14:37:34.623+0000] {logging_mixin.py:190} INFO - [2026-06-11T14:37:34.623+0000] {dagbag.py:588} INFO - Filling up the DagBag from /opt/airflow/dags/market)data_dag.py
[2026-06-11T14:37:34.629+0000] {processor.py:925} INFO - DAG(s) 'market_data_pipeline' retrieved from /opt/airflow/dags/market)data_dag.py
[2026-06-11T14:37:34.646+0000] {logging_mixin.py:190} INFO - [2026-06-11T14:37:34.646+0000] {dag.py:3239} INFO - Sync 1 DAGs
[2026-06-11T14:37:34.661+0000] {logging_mixin.py:190} INFO - [2026-06-11T14:37:34.661+0000] {dag.py:4180} INFO - Setting next_dagrun for market_data_pipeline to 2026-06-11 14:30:00+00:00, run_after=2026-06-11 14:35:00+00:00
[2026-06-11T14:37:34.672+0000] {processor.py:208} INFO - Processing /opt/airflow/dags/market)data_dag.py took 0.054 seconds
[2026-06-11T14:38:04.765+0000] {processor.py:186} INFO - Started process (PID=326) to work on /opt/airflow/dags/market)data_dag.py
[2026-06-11T14:38:04.766+0000] {processor.py:914} INFO - Processing file /opt/airflow/dags/market)data_dag.py for tasks to queue
[2026-06-11T14:38:04.767+0000] {logging_mixin.py:190} INFO - [2026-06-11T14:38:04.767+0000] {dagbag.py:588} INFO - Filling up the DagBag from /opt/airflow/dags/market)data_dag.py
[2026-06-11T14:38:04.773+0000] {processor.py:925} INFO - DAG(s) 'market_data_pipeline' retrieved from /opt/airflow/dags/market)data_dag.py
[2026-06-11T14:38:04.788+0000] {logging_mixin.py:190} INFO - [2026-06-11T14:38:04.788+0000] {dag.py:3239} INFO - Sync 1 DAGs
[2026-06-11T14:38:04.802+0000] {logging_mixin.py:190} INFO - [2026-06-11T14:38:04.802+0000] {dag.py:4180} INFO - Setting next_dagrun for market_data_pipeline to 2026-06-11 14:30:00+00:00, run_after=2026-06-11 14:35:00+00:00
[2026-06-11T14:38:04.812+0000] {processor.py:208} INFO - Processing /opt/airflow/dags/market)data_dag.py took 0.051 seconds
[2026-06-11T14:38:34.893+0000] {processor.py:186} INFO - Started process (PID=331) to work on /opt/airflow/dags/market)data_dag.py
[2026-06-11T14:38:34.894+0000] {processor.py:914} INFO - Processing file /opt/airflow/dags/market)data_dag.py for tasks to queue
[2026-06-11T14:38:34.895+0000] {logging_mixin.py:190} INFO - [2026-06-11T14:38:34.895+0000] {dagbag.py:588} INFO - Filling up the DagBag from /opt/airflow/dags/market)data_dag.py
[2026-06-11T14:38:34.900+0000] {processor.py:925} INFO - DAG(s) 'market_data_pipeline' retrieved from /opt/airflow/dags/market)data_dag.py
[2026-06-11T14:38:34.917+0000] {logging_mixin.py:190} INFO - [2026-06-11T14:38:34.917+0000] {dag.py:3239} INFO - Sync 1 DAGs
[2026-06-11T14:38:34.932+0000] {logging_mixin.py:190} INFO - [2026-06-11T14:38:34.932+0000] {dag.py:4180} INFO - Setting next_dagrun for market_data_pipeline to 2026-06-11 14:30:00+00:00, run_after=2026-06-11 14:35:00+00:00
[2026-06-11T14:38:34.943+0000] {processor.py:208} INFO - Processing /opt/airflow/dags/market)data_dag.py took 0.053 seconds
[2026-06-11T14:39:05.007+0000] {processor.py:186} INFO - Started process (PID=336) to work on /opt/airflow/dags/market)data_dag.py
[2026-06-11T14:39:05.008+0000] {processor.py:914} INFO - Processing file /opt/airflow/dags/market)data_dag.py for tasks to queue
[2026-06-11T14:39:05.010+0000] {logging_mixin.py:190} INFO - [2026-06-11T14:39:05.009+0000] {dagbag.py:588} INFO - Filling up the DagBag from /opt/airflow/dags/market)data_dag.py
[2026-06-11T14:39:05.016+0000] {processor.py:925} INFO - DAG(s) 'market_data_pipeline' retrieved from /opt/airflow/dags/market)data_dag.py
[2026-06-11T14:39:05.035+0000] {logging_mixin.py:190} INFO - [2026-06-11T14:39:05.035+0000] {dag.py:3239} INFO - Sync 1 DAGs
[2026-06-11T14:39:05.051+0000] {logging_mixin.py:190} INFO - [2026-06-11T14:39:05.051+0000] {dag.py:4180} INFO - Setting next_dagrun for market_data_pipeline to 2026-06-11 14:30:00+00:00, run_after=2026-06-11 14:35:00+00:00
[2026-06-11T14:39:05.062+0000] {processor.py:208} INFO - Processing /opt/airflow/dags/market)data_dag.py took 0.059 seconds
[2026-06-11T14:39:35.144+0000] {processor.py:186} INFO - Started process (PID=341) to work on /opt/airflow/dags/market)data_dag.py
[2026-06-11T14:39:35.145+0000] {processor.py:914} INFO - Processing file /opt/airflow/dags/market)data_dag.py for tasks to queue
[2026-06-11T14:39:35.146+0000] {logging_mixin.py:190} INFO - [2026-06-11T14:39:35.146+0000] {dagbag.py:588} INFO - Filling up the DagBag from /opt/airflow/dags/market)data_dag.py
[2026-06-11T14:39:35.153+0000] {processor.py:925} INFO - DAG(s) 'market_data_pipeline' retrieved from /opt/airflow/dags/market)data_dag.py
[2026-06-11T14:39:35.169+0000] {logging_mixin.py:190} INFO - [2026-06-11T14:39:35.169+0000] {dag.py:3239} INFO - Sync 1 DAGs
[2026-06-11T14:39:35.184+0000] {logging_mixin.py:190} INFO - [2026-06-11T14:39:35.184+0000] {dag.py:4180} INFO - Setting next_dagrun for market_data_pipeline to 2026-06-11 14:30:00+00:00, run_after=2026-06-11 14:35:00+00:00
[2026-06-11T14:39:35.195+0000] {processor.py:208} INFO - Processing /opt/airflow/dags/market)data_dag.py took 0.054 seconds
[2026-06-11T14:40:05.277+0000] {processor.py:186} INFO - Started process (PID=346) to work on /opt/airflow/dags/market)data_dag.py
[2026-06-11T14:40:05.278+0000] {processor.py:914} INFO - Processing file /opt/airflow/dags/market)data_dag.py for tasks to queue
[2026-06-11T14:40:05.280+0000] {logging_mixin.py:190} INFO - [2026-06-11T14:40:05.280+0000] {dagbag.py:588} INFO - Filling up the DagBag from /opt/airflow/dags/market)data_dag.py
[2026-06-11T14:40:05.290+0000] {processor.py:925} INFO - DAG(s) 'market_data_pipeline' retrieved from /opt/airflow/dags/market)data_dag.py
[2026-06-11T14:40:05.310+0000] {logging_mixin.py:190} INFO - [2026-06-11T14:40:05.310+0000] {dag.py:3239} INFO - Sync 1 DAGs
[2026-06-11T14:40:05.327+0000] {logging_mixin.py:190} INFO - [2026-06-11T14:40:05.326+0000] {dag.py:4180} INFO - Setting next_dagrun for market_data_pipeline to 2026-06-11 14:35:00+00:00, run_after=2026-06-11 14:40:00+00:00
[2026-06-11T14:40:05.338+0000] {processor.py:208} INFO - Processing /opt/airflow/dags/market)data_dag.py took 0.067 seconds
[2026-06-11T14:41:04.234+0000] {processor.py:186} INFO - Started process (PID=212) to work on /opt/airflow/dags/market)data_dag.py
[2026-06-11T14:41:04.235+0000] {processor.py:914} INFO - Processing file /opt/airflow/dags/market)data_dag.py for tasks to queue
[2026-06-11T14:41:04.236+0000] {logging_mixin.py:190} INFO - [2026-06-11T14:41:04.236+0000] {dagbag.py:588} INFO - Filling up the DagBag from /opt/airflow/dags/market)data_dag.py
[2026-06-11T14:41:04.242+0000] {processor.py:925} INFO - DAG(s) 'market_data_pipeline' retrieved from /opt/airflow/dags/market)data_dag.py
[2026-06-11T14:41:04.322+0000] {logging_mixin.py:190} INFO - [2026-06-11T14:41:04.322+0000] {override.py:1912} INFO - Created Permission View: can delete on DAG:market_data_pipeline
[2026-06-11T14:41:04.328+0000] {logging_mixin.py:190} INFO - [2026-06-11T14:41:04.328+0000] {override.py:1912} INFO - Created Permission View: can read on DAG:market_data_pipeline
[2026-06-11T14:41:04.331+0000] {logging_mixin.py:190} INFO - [2026-06-11T14:41:04.331+0000] {override.py:1912} INFO - Created Permission View: can edit on DAG:market_data_pipeline
[2026-06-11T14:41:04.335+0000] {logging_mixin.py:190} INFO - [2026-06-11T14:41:04.335+0000] {override.py:1912} INFO - Created Permission View: can delete on DAG Run:market_data_pipeline
[2026-06-11T14:41:04.339+0000] {logging_mixin.py:190} INFO - [2026-06-11T14:41:04.339+0000] {override.py:1912} INFO - Created Permission View: can read on DAG Run:market_data_pipeline
[2026-06-11T14:41:04.342+0000] {logging_mixin.py:190} INFO - [2026-06-11T14:41:04.342+0000] {override.py:1912} INFO - Created Permission View: menu access on DAG Run:market_data_pipeline
[2026-06-11T14:41:04.345+0000] {logging_mixin.py:190} INFO - [2026-06-11T14:41:04.345+0000] {override.py:1912} INFO - Created Permission View: can create on DAG Run:market_data_pipeline
[2026-06-11T14:41:04.345+0000] {logging_mixin.py:190} INFO - [2026-06-11T14:41:04.345+0000] {dag.py:3239} INFO - Sync 1 DAGs
[2026-06-11T14:41:04.353+0000] {logging_mixin.py:190} INFO - [2026-06-11T14:41:04.352+0000] {dag.py:3262} INFO - Creating ORM DAG for market_data_pipeline
[2026-06-11T14:41:04.360+0000] {logging_mixin.py:190} INFO - [2026-06-11T14:41:04.360+0000] {dag.py:4180} INFO - Setting next_dagrun for market_data_pipeline to 2026-06-11 14:35:00+00:00, run_after=2026-06-11 14:40:00+00:00
[2026-06-11T14:41:04.370+0000] {processor.py:208} INFO - Processing /opt/airflow/dags/market)data_dag.py took 0.140 seconds
[2026-06-11T14:41:34.465+0000] {processor.py:186} INFO - Started process (PID=250) to work on /opt/airflow/dags/market)data_dag.py
[2026-06-11T14:41:34.466+0000] {processor.py:914} INFO - Processing file /opt/airflow/dags/market)data_dag.py for tasks to queue
[2026-06-11T14:41:34.468+0000] {logging_mixin.py:190} INFO - [2026-06-11T14:41:34.468+0000] {dagbag.py:588} INFO - Filling up the DagBag from /opt/airflow/dags/market)data_dag.py
[2026-06-11T14:41:34.475+0000] {processor.py:925} INFO - DAG(s) 'market_data_pipeline' retrieved from /opt/airflow/dags/market)data_dag.py
[2026-06-11T14:41:34.494+0000] {logging_mixin.py:190} INFO - [2026-06-11T14:41:34.493+0000] {dag.py:3239} INFO - Sync 1 DAGs
[2026-06-11T14:41:34.510+0000] {logging_mixin.py:190} INFO - [2026-06-11T14:41:34.510+0000] {dag.py:4180} INFO - Setting next_dagrun for market_data_pipeline to 2026-06-11 14:35:00+00:00, run_after=2026-06-11 14:40:00+00:00
[2026-06-11T14:41:34.521+0000] {processor.py:208} INFO - Processing /opt/airflow/dags/market)data_dag.py took 0.060 seconds
[2026-06-11T14:42:04.578+0000] {processor.py:186} INFO - Started process (PID=255) to work on /opt/airflow/dags/market)data_dag.py
[2026-06-11T14:42:04.579+0000] {processor.py:914} INFO - Processing file /opt/airflow/dags/market)data_dag.py for tasks to queue
[2026-06-11T14:42:04.581+0000] {logging_mixin.py:190} INFO - [2026-06-11T14:42:04.581+0000] {dagbag.py:588} INFO - Filling up the DagBag from /opt/airflow/dags/market)data_dag.py
[2026-06-11T14:42:04.588+0000] {processor.py:925} INFO - DAG(s) 'market_data_pipeline' retrieved from /opt/airflow/dags/market)data_dag.py
[2026-06-11T14:42:04.607+0000] {logging_mixin.py:190} INFO - [2026-06-11T14:42:04.607+0000] {dag.py:3239} INFO - Sync 1 DAGs
[2026-06-11T14:42:04.624+0000] {logging_mixin.py:190} INFO - [2026-06-11T14:42:04.624+0000] {dag.py:4180} INFO - Setting next_dagrun for market_data_pipeline to 2026-06-11 14:35:00+00:00, run_after=2026-06-11 14:40:00+00:00
[2026-06-11T14:42:04.635+0000] {processor.py:208} INFO - Processing /opt/airflow/dags/market)data_dag.py took 0.061 seconds
[2026-06-11T14:42:34.727+0000] {processor.py:186} INFO - Started process (PID=260) to work on /opt/airflow/dags/market)data_dag.py
[2026-06-11T14:42:34.728+0000] {processor.py:914} INFO - Processing file /opt/airflow/dags/market)data_dag.py for tasks to queue
[2026-06-11T14:42:34.729+0000] {logging_mixin.py:190} INFO - [2026-06-11T14:42:34.729+0000] {dagbag.py:588} INFO - Filling up the DagBag from /opt/airflow/dags/market)data_dag.py
[2026-06-11T14:42:34.736+0000] {processor.py:925} INFO - DAG(s) 'market_data_pipeline' retrieved from /opt/airflow/dags/market)data_dag.py
[2026-06-11T14:42:34.756+0000] {logging_mixin.py:190} INFO - [2026-06-11T14:42:34.756+0000] {dag.py:3239} INFO - Sync 1 DAGs
[2026-06-11T14:42:34.772+0000] {logging_mixin.py:190} INFO - [2026-06-11T14:42:34.772+0000] {dag.py:4180} INFO - Setting next_dagrun for market_data_pipeline to 2026-06-11 14:35:00+00:00, run_after=2026-06-11 14:40:00+00:00
[2026-06-11T14:42:34.784+0000] {processor.py:208} INFO - Processing /opt/airflow/dags/market)data_dag.py took 0.060 seconds
[2026-06-11T14:43:04.863+0000] {processor.py:186} INFO - Started process (PID=265) to work on /opt/airflow/dags/market)data_dag.py
[2026-06-11T14:43:04.864+0000] {processor.py:914} INFO - Processing file /opt/airflow/dags/market)data_dag.py for tasks to queue
[2026-06-11T14:43:04.866+0000] {logging_mixin.py:190} INFO - [2026-06-11T14:43:04.865+0000] {dagbag.py:588} INFO - Filling up the DagBag from /opt/airflow/dags/market)data_dag.py
[2026-06-11T14:43:04.871+0000] {processor.py:925} INFO - DAG(s) 'market_data_pipeline' retrieved from /opt/airflow/dags/market)data_dag.py
[2026-06-11T14:43:04.886+0000] {logging_mixin.py:190} INFO - [2026-06-11T14:43:04.886+0000] {dag.py:3239} INFO - Sync 1 DAGs
[2026-06-11T14:43:04.901+0000] {logging_mixin.py:190} INFO - [2026-06-11T14:43:04.901+0000] {dag.py:4180} INFO - Setting next_dagrun for market_data_pipeline to 2026-06-11 14:35:00+00:00, run_after=2026-06-11 14:40:00+00:00
[2026-06-11T14:43:04.911+0000] {processor.py:208} INFO - Processing /opt/airflow/dags/market)data_dag.py took 0.051 seconds
[2026-06-11T14:43:34.990+0000] {processor.py:186} INFO - Started process (PID=270) to work on /opt/airflow/dags/market)data_dag.py
[2026-06-11T14:43:34.991+0000] {processor.py:914} INFO - Processing file /opt/airflow/dags/market)data_dag.py for tasks to queue
[2026-06-11T14:43:34.992+0000] {logging_mixin.py:190} INFO - [2026-06-11T14:43:34.992+0000] {dagbag.py:588} INFO - Filling up the DagBag from /opt/airflow/dags/market)data_dag.py
[2026-06-11T14:43:34.997+0000] {processor.py:925} INFO - DAG(s) 'market_data_pipeline' retrieved from /opt/airflow/dags/market)data_dag.py
[2026-06-11T14:43:35.013+0000] {logging_mixin.py:190} INFO - [2026-06-11T14:43:35.013+0000] {dag.py:3239} INFO - Sync 1 DAGs
[2026-06-11T14:43:35.028+0000] {logging_mixin.py:190} INFO - [2026-06-11T14:43:35.028+0000] {dag.py:4180} INFO - Setting next_dagrun for market_data_pipeline to 2026-06-11 14:35:00+00:00, run_after=2026-06-11 14:40:00+00:00
[2026-06-11T14:43:35.039+0000] {processor.py:208} INFO - Processing /opt/airflow/dags/market)data_dag.py took 0.052 seconds
[2026-06-11T14:44:05.112+0000] {processor.py:186} INFO - Started process (PID=275) to work on /opt/airflow/dags/market)data_dag.py
[2026-06-11T14:44:05.113+0000] {processor.py:914} INFO - Processing file /opt/airflow/dags/market)data_dag.py for tasks to queue
[2026-06-11T14:44:05.114+0000] {logging_mixin.py:190} INFO - [2026-06-11T14:44:05.114+0000] {dagbag.py:588} INFO - Filling up the DagBag from /opt/airflow/dags/market)data_dag.py
[2026-06-11T14:44:05.121+0000] {processor.py:925} INFO - DAG(s) 'market_data_pipeline' retrieved from /opt/airflow/dags/market)data_dag.py
[2026-06-11T14:44:05.138+0000] {logging_mixin.py:190} INFO - [2026-06-11T14:44:05.138+0000] {dag.py:3239} INFO - Sync 1 DAGs
[2026-06-11T14:44:05.153+0000] {logging_mixin.py:190} INFO - [2026-06-11T14:44:05.153+0000] {dag.py:4180} INFO - Setting next_dagrun for market_data_pipeline to 2026-06-11 14:35:00+00:00, run_after=2026-06-11 14:40:00+00:00
[2026-06-11T14:44:05.165+0000] {processor.py:208} INFO - Processing /opt/airflow/dags/market)data_dag.py took 0.057 seconds
[2026-06-11T14:44:46.348+0000] {processor.py:186} INFO - Started process (PID=226) to work on /opt/airflow/dags/market)data_dag.py
[2026-06-11T14:44:46.349+0000] {processor.py:914} INFO - Processing file /opt/airflow/dags/market)data_dag.py for tasks to queue
[2026-06-11T14:44:46.350+0000] {logging_mixin.py:190} INFO - [2026-06-11T14:44:46.350+0000] {dagbag.py:588} INFO - Filling up the DagBag from /opt/airflow/dags/market)data_dag.py
[2026-06-11T14:44:46.357+0000] {processor.py:925} INFO - DAG(s) 'market_data_pipeline' retrieved from /opt/airflow/dags/market)data_dag.py
[2026-06-11T14:44:46.432+0000] {logging_mixin.py:190} INFO - [2026-06-11T14:44:46.431+0000] {override.py:1912} INFO - Created Permission View: can read on DAG:market_data_pipeline
[2026-06-11T14:44:46.437+0000] {logging_mixin.py:190} INFO - [2026-06-11T14:44:46.437+0000] {override.py:1912} INFO - Created Permission View: can delete on DAG:market_data_pipeline
[2026-06-11T14:44:46.440+0000] {logging_mixin.py:190} INFO - [2026-06-11T14:44:46.440+0000] {override.py:1912} INFO - Created Permission View: can edit on DAG:market_data_pipeline
[2026-06-11T14:44:46.443+0000] {logging_mixin.py:190} INFO - [2026-06-11T14:44:46.443+0000] {override.py:1912} INFO - Created Permission View: can read on DAG Run:market_data_pipeline
[2026-06-11T14:44:46.446+0000] {logging_mixin.py:190} INFO - [2026-06-11T14:44:46.446+0000] {override.py:1912} INFO - Created Permission View: can delete on DAG Run:market_data_pipeline
[2026-06-11T14:44:46.450+0000] {logging_mixin.py:190} INFO - [2026-06-11T14:44:46.449+0000] {override.py:1912} INFO - Created Permission View: can create on DAG Run:market_data_pipeline
[2026-06-11T14:44:46.453+0000] {logging_mixin.py:190} INFO - [2026-06-11T14:44:46.453+0000] {override.py:1912} INFO - Created Permission View: menu access on DAG Run:market_data_pipeline
[2026-06-11T14:44:46.453+0000] {logging_mixin.py:190} INFO - [2026-06-11T14:44:46.453+0000] {dag.py:3239} INFO - Sync 1 DAGs
[2026-06-11T14:44:46.460+0000] {logging_mixin.py:190} INFO - [2026-06-11T14:44:46.460+0000] {dag.py:3262} INFO - Creating ORM DAG for market_data_pipeline
[2026-06-11T14:44:46.468+0000] {logging_mixin.py:190} INFO - [2026-06-11T14:44:46.467+0000] {dag.py:4180} INFO - Setting next_dagrun for market_data_pipeline to 2026-06-11 14:35:00+00:00, run_after=2026-06-11 14:40:00+00:00
[2026-06-11T14:44:46.479+0000] {processor.py:208} INFO - Processing /opt/airflow/dags/market)data_dag.py took 0.135 seconds
[2026-06-11T14:45:16.579+0000] {processor.py:186} INFO - Started process (PID=264) to work on /opt/airflow/dags/market)data_dag.py
[2026-06-11T14:45:16.580+0000] {processor.py:914} INFO - Processing file /opt/airflow/dags/market)data_dag.py for tasks to queue
[2026-06-11T14:45:16.581+0000] {logging_mixin.py:190} INFO - [2026-06-11T14:45:16.581+0000] {dagbag.py:588} INFO - Filling up the DagBag from /opt/airflow/dags/market)data_dag.py
[2026-06-11T14:45:16.588+0000] {processor.py:925} INFO - DAG(s) 'market_data_pipeline' retrieved from /opt/airflow/dags/market)data_dag.py
[2026-06-11T14:45:16.607+0000] {logging_mixin.py:190} INFO - [2026-06-11T14:45:16.607+0000] {dag.py:3239} INFO - Sync 1 DAGs
[2026-06-11T14:45:16.624+0000] {logging_mixin.py:190} INFO - [2026-06-11T14:45:16.624+0000] {dag.py:4180} INFO - Setting next_dagrun for market_data_pipeline to 2026-06-11 14:40:00+00:00, run_after=2026-06-11 14:45:00+00:00
[2026-06-11T14:45:16.636+0000] {processor.py:208} INFO - Processing /opt/airflow/dags/market)data_dag.py took 0.061 seconds
[2026-06-11T14:45:46.700+0000] {processor.py:186} INFO - Started process (PID=269) to work on /opt/airflow/dags/market)data_dag.py
[2026-06-11T14:45:46.701+0000] {processor.py:914} INFO - Processing file /opt/airflow/dags/market)data_dag.py for tasks to queue
[2026-06-11T14:45:46.702+0000] {logging_mixin.py:190} INFO - [2026-06-11T14:45:46.702+0000] {dagbag.py:588} INFO - Filling up the DagBag from /opt/airflow/dags/market)data_dag.py
[2026-06-11T14:45:46.709+0000] {processor.py:925} INFO - DAG(s) 'market_data_pipeline' retrieved from /opt/airflow/dags/market)data_dag.py
[2026-06-11T14:45:46.728+0000] {logging_mixin.py:190} INFO - [2026-06-11T14:45:46.728+0000] {dag.py:3239} INFO - Sync 1 DAGs
[2026-06-11T14:45:46.745+0000] {logging_mixin.py:190} INFO - [2026-06-11T14:45:46.745+0000] {dag.py:4180} INFO - Setting next_dagrun for market_data_pipeline to 2026-06-11 14:40:00+00:00, run_after=2026-06-11 14:45:00+00:00
[2026-06-11T14:45:46.756+0000] {processor.py:208} INFO - Processing /opt/airflow/dags/market)data_dag.py took 0.061 seconds
[2026-06-11T14:46:16.837+0000] {processor.py:186} INFO - Started process (PID=307) to work on /opt/airflow/dags/market)data_dag.py
[2026-06-11T14:46:16.838+0000] {processor.py:914} INFO - Processing file /opt/airflow/dags/market)data_dag.py for tasks to queue
[2026-06-11T14:46:16.840+0000] {logging_mixin.py:190} INFO - [2026-06-11T14:46:16.840+0000] {dagbag.py:588} INFO - Filling up the DagBag from /opt/airflow/dags/market)data_dag.py
[2026-06-11T14:46:16.846+0000] {processor.py:925} INFO - DAG(s) 'market_data_pipeline' retrieved from /opt/airflow/dags/market)data_dag.py
[2026-06-11T14:46:16.865+0000] {logging_mixin.py:190} INFO - [2026-06-11T14:46:16.865+0000] {dag.py:3239} INFO - Sync 1 DAGs
[2026-06-11T14:46:16.881+0000] {logging_mixin.py:190} INFO - [2026-06-11T14:46:16.881+0000] {dag.py:4180} INFO - Setting next_dagrun for market_data_pipeline to 2026-06-11 14:45:00+00:00, run_after=2026-06-11 14:50:00+00:00
[2026-06-11T14:46:16.891+0000] {processor.py:208} INFO - Processing /opt/airflow/dags/market)data_dag.py took 0.059 seconds
[2026-06-11T14:46:46.977+0000] {processor.py:186} INFO - Started process (PID=312) to work on /opt/airflow/dags/market)data_dag.py
[2026-06-11T14:46:46.977+0000] {processor.py:914} INFO - Processing file /opt/airflow/dags/market)data_dag.py for tasks to queue
[2026-06-11T14:46:46.979+0000] {logging_mixin.py:190} INFO - [2026-06-11T14:46:46.979+0000] {dagbag.py:588} INFO - Filling up the DagBag from /opt/airflow/dags/market)data_dag.py
[2026-06-11T14:46:46.985+0000] {processor.py:925} INFO - DAG(s) 'market_data_pipeline' retrieved from /opt/airflow/dags/market)data_dag.py
[2026-06-11T14:46:47.004+0000] {logging_mixin.py:190} INFO - [2026-06-11T14:46:47.003+0000] {dag.py:3239} INFO - Sync 1 DAGs
[2026-06-11T14:46:47.020+0000] {logging_mixin.py:190} INFO - [2026-06-11T14:46:47.020+0000] {dag.py:4180} INFO - Setting next_dagrun for market_data_pipeline to 2026-06-11 14:45:00+00:00, run_after=2026-06-11 14:50:00+00:00
[2026-06-11T14:46:47.032+0000] {processor.py:208} INFO - Processing /opt/airflow/dags/market)data_dag.py took 0.059 seconds
[2026-06-11T14:47:17.127+0000] {processor.py:186} INFO - Started process (PID=317) to work on /opt/airflow/dags/market)data_dag.py
[2026-06-11T14:47:17.128+0000] {processor.py:914} INFO - Processing file /opt/airflow/dags/market)data_dag.py for tasks to queue
[2026-06-11T14:47:17.130+0000] {logging_mixin.py:190} INFO - [2026-06-11T14:47:17.129+0000] {dagbag.py:588} INFO - Filling up the DagBag from /opt/airflow/dags/market)data_dag.py
[2026-06-11T14:47:17.136+0000] {processor.py:925} INFO - DAG(s) 'market_data_pipeline' retrieved from /opt/airflow/dags/market)data_dag.py
[2026-06-11T14:47:17.154+0000] {logging_mixin.py:190} INFO - [2026-06-11T14:47:17.154+0000] {dag.py:3239} INFO - Sync 1 DAGs
[2026-06-11T14:47:17.170+0000] {logging_mixin.py:190} INFO - [2026-06-11T14:47:17.170+0000] {dag.py:4180} INFO - Setting next_dagrun for market_data_pipeline to 2026-06-11 14:45:00+00:00, run_after=2026-06-11 14:50:00+00:00
[2026-06-11T14:47:17.181+0000] {processor.py:208} INFO - Processing /opt/airflow/dags/market)data_dag.py took 0.057 seconds
[2026-06-11T14:47:47.254+0000] {processor.py:186} INFO - Started process (PID=322) to work on /opt/airflow/dags/market)data_dag.py
[2026-06-11T14:47:47.255+0000] {processor.py:914} INFO - Processing file /opt/airflow/dags/market)data_dag.py for tasks to queue
[2026-06-11T14:47:47.256+0000] {logging_mixin.py:190} INFO - [2026-06-11T14:47:47.256+0000] {dagbag.py:588} INFO - Filling up the DagBag from /opt/airflow/dags/market)data_dag.py
[2026-06-11T14:47:47.262+0000] {processor.py:925} INFO - DAG(s) 'market_data_pipeline' retrieved from /opt/airflow/dags/market)data_dag.py
[2026-06-11T14:47:47.279+0000] {logging_mixin.py:190} INFO - [2026-06-11T14:47:47.279+0000] {dag.py:3239} INFO - Sync 1 DAGs
[2026-06-11T14:47:47.295+0000] {logging_mixin.py:190} INFO - [2026-06-11T14:47:47.295+0000] {dag.py:4180} INFO - Setting next_dagrun for market_data_pipeline to 2026-06-11 14:45:00+00:00, run_after=2026-06-11 14:50:00+00:00
[2026-06-11T14:47:47.306+0000] {processor.py:208} INFO - Processing /opt/airflow/dags/market)data_dag.py took 0.056 seconds
[2026-06-11T14:48:17.415+0000] {processor.py:186} INFO - Started process (PID=327) to work on /opt/airflow/dags/market)data_dag.py
[2026-06-11T14:48:17.416+0000] {processor.py:914} INFO - Processing file /opt/airflow/dags/market)data_dag.py for tasks to queue
[2026-06-11T14:48:17.417+0000] {logging_mixin.py:190} INFO - [2026-06-11T14:48:17.417+0000] {dagbag.py:588} INFO - Filling up the DagBag from /opt/airflow/dags/market)data_dag.py
[2026-06-11T14:48:17.424+0000] {processor.py:925} INFO - DAG(s) 'market_data_pipeline' retrieved from /opt/airflow/dags/market)data_dag.py
[2026-06-11T14:48:17.442+0000] {logging_mixin.py:190} INFO - [2026-06-11T14:48:17.442+0000] {dag.py:3239} INFO - Sync 1 DAGs
[2026-06-11T14:48:17.458+0000] {logging_mixin.py:190} INFO - [2026-06-11T14:48:17.458+0000] {dag.py:4180} INFO - Setting next_dagrun for market_data_pipeline to 2026-06-11 14:45:00+00:00, run_after=2026-06-11 14:50:00+00:00
[2026-06-11T14:48:17.469+0000] {processor.py:208} INFO - Processing /opt/airflow/dags/market)data_dag.py took 0.058 seconds
[2026-06-11T14:48:47.543+0000] {processor.py:186} INFO - Started process (PID=332) to work on /opt/airflow/dags/market)data_dag.py
[2026-06-11T14:48:47.543+0000] {processor.py:914} INFO - Processing file /opt/airflow/dags/market)data_dag.py for tasks to queue
[2026-06-11T14:48:47.545+0000] {logging_mixin.py:190} INFO - [2026-06-11T14:48:47.545+0000] {dagbag.py:588} INFO - Filling up the DagBag from /opt/airflow/dags/market)data_dag.py
[2026-06-11T14:48:47.551+0000] {processor.py:925} INFO - DAG(s) 'market_data_pipeline' retrieved from /opt/airflow/dags/market)data_dag.py
[2026-06-11T14:48:47.568+0000] {logging_mixin.py:190} INFO - [2026-06-11T14:48:47.568+0000] {dag.py:3239} INFO - Sync 1 DAGs
[2026-06-11T14:48:47.582+0000] {logging_mixin.py:190} INFO - [2026-06-11T14:48:47.582+0000] {dag.py:4180} INFO - Setting next_dagrun for market_data_pipeline to 2026-06-11 14:45:00+00:00, run_after=2026-06-11 14:50:00+00:00
[2026-06-11T14:48:47.593+0000] {processor.py:208} INFO - Processing /opt/airflow/dags/market)data_dag.py took 0.054 seconds
[2026-06-11T14:49:17.671+0000] {processor.py:186} INFO - Started process (PID=337) to work on /opt/airflow/dags/market)data_dag.py
[2026-06-11T14:49:17.672+0000] {processor.py:914} INFO - Processing file /opt/airflow/dags/market)data_dag.py for tasks to queue
[2026-06-11T14:49:17.673+0000] {logging_mixin.py:190} INFO - [2026-06-11T14:49:17.673+0000] {dagbag.py:588} INFO - Filling up the DagBag from /opt/airflow/dags/market)data_dag.py
[2026-06-11T14:49:17.679+0000] {processor.py:925} INFO - DAG(s) 'market_data_pipeline' retrieved from /opt/airflow/dags/market)data_dag.py
[2026-06-11T14:49:17.695+0000] {logging_mixin.py:190} INFO - [2026-06-11T14:49:17.695+0000] {dag.py:3239} INFO - Sync 1 DAGs
[2026-06-11T14:49:17.709+0000] {logging_mixin.py:190} INFO - [2026-06-11T14:49:17.709+0000] {dag.py:4180} INFO - Setting next_dagrun for market_data_pipeline to 2026-06-11 14:45:00+00:00, run_after=2026-06-11 14:50:00+00:00
[2026-06-11T14:49:17.720+0000] {processor.py:208} INFO - Processing /opt/airflow/dags/market)data_dag.py took 0.052 seconds
[2026-06-11T14:49:47.803+0000] {processor.py:186} INFO - Started process (PID=342) to work on /opt/airflow/dags/market)data_dag.py
[2026-06-11T14:49:47.804+0000] {processor.py:914} INFO - Processing file /opt/airflow/dags/market)data_dag.py for tasks to queue
[2026-06-11T14:49:47.806+0000] {logging_mixin.py:190} INFO - [2026-06-11T14:49:47.806+0000] {dagbag.py:588} INFO - Filling up the DagBag from /opt/airflow/dags/market)data_dag.py
[2026-06-11T14:49:47.812+0000] {processor.py:925} INFO - DAG(s) 'market_data_pipeline' retrieved from /opt/airflow/dags/market)data_dag.py
[2026-06-11T14:49:47.830+0000] {logging_mixin.py:190} INFO - [2026-06-11T14:49:47.829+0000] {dag.py:3239} INFO - Sync 1 DAGs
[2026-06-11T14:49:47.846+0000] {logging_mixin.py:190} INFO - [2026-06-11T14:49:47.846+0000] {dag.py:4180} INFO - Setting next_dagrun for market_data_pipeline to 2026-06-11 14:45:00+00:00, run_after=2026-06-11 14:50:00+00:00
[2026-06-11T14:49:47.858+0000] {processor.py:208} INFO - Processing /opt/airflow/dags/market)data_dag.py took 0.059 seconds
